energy,nu_e,nu_mu,nu_tau,nu_e_bar,nu_mu_bar,nu_tau_bar
,,,,,,
-3.30103,0.00E+00,0.00E+00,0.00E+00,0.00E+00,0.00E+00,0.00E+00
-3.298729,0.00E+00,0.00E+00,0.00E+00,0.00E+00,0.00E+00,0.00E+00
-3.296428,0.00E+00,0.00E+00,0.00E+00,0.00E+00,0.00E+00,0.00E+00
-3.294127,0.00E+00,0.00E+00,0.00E+00,0.00E+00,0.00E+00,0.00E+00
-3.291826,0.00E+00,0.00E+00,0.00E+00,0.00E+00,0.00E+00,0.00E+00
-3.289525,0.00E+00,0.00E+00,0.00E+00,0.00E+00,0.00E+00,0.00E+00
-3.287224,0.00E+00,0.00E+00,0.00E+00,0.00E+00,0.00E+00,0.00E+00
-3.284923,0.00E+00,0.00E+00,0.00E+00,0.00E+00,0.00E+00,0.00E+00
-3.282622,0.00E+00,0.00E+00,0.00E+00,0.00E+00,0.00E+00,0.00E+00
-3.280321,0.00E+00,0.00E+00,0.00E+00,0.00E+00,0.00E+00,0.00E+00
-3.27802,0.00E+00,0.00E+00,0.00E+00,0.00E+00,0.00E+00,0.00E+00
-3.275719,0.00E+00,0.00E+00,0.00E+00,0.00E+00,0.00E+00,0.00E+00
-3.273418,0.00E+00,0.00E+00,0.00E+00,0.00E+00,0.00E+00,0.00E+00
-3.271117,0.00E+00,0.00E+00,0.00E+00,0.00E+00,0.00E+00,0.00E+00
-3.268816,0.00E+00,0.00E+00,0.00E+00,0.00E+00,0.00E+00,0.00E+00
-3.266515,0.00E+00,0.00E+00,0.00E+00,0.00E+00,0.00E+00,0.00E+00
-3.264214,0.00E+00,0.00E+00,0.00E+00,0.00E+00,0.00E+00,0.00E+00
-3.261912,0.00E+00,0.00E+00,0.00E+00,0.00E+00,0.00E+00,0.00E+00
-3.259611,0.00E+00,0.00E+00,0.00E+00,0.00E+00,0.00E+00,0.00E+00
-3.25731,0.00E+00,0.00E+00,0.00E+00,0.00E+00,0.00E+00,0.00E+00
-3.255009,0.00E+00,0.00E+00,0.00E+00,0.00E+00,0.00E+00,0.00E+00
-3.252708,0.00E+00,0.00E+00,0.00E+00,0.00E+00,0.00E+00,0.00E+00
-3.250407,0.00E+00,0.00E+00,0.00E+00,0.00E+00,0.00E+00,0.00E+00
-3.248106,0.00E+00,0.00E+00,0.00E+00,0.00E+00,0.00E+00,0.00E+00
-3.245805,0.00E+00,0.00E+00,0.00E+00,0.00E+00,0.00E+00,0.00E+00
-3.243504,0.00E+00,0.00E+00,0.00E+00,0.00E+00,0.00E+00,0.00E+00
-3.241203,0.00E+00,0.00E+00,0.00E+00,0.00E+00,0.00E+00,0.00E+00
-3.238902,0.00E+00,0.00E+00,0.00E+00,0.00E+00,0.00E+00,0.00E+00
-3.236601,0.00E+00,0.00E+00,0.00E+00,0.00E+00,0.00E+00,0.00E+00
-3.2343,0.00E+00,0.00E+00,0.00E+00,0.00E+00,0.00E+00,0.00E+00
-3.231999,0.00E+00,0.00E+00,0.00E+00,0.00E+00,0.00E+00,0.00E+00
-3.229698,0.00E+00,0.00E+00,0.00E+00,0.00E+00,0.00E+00,0.00E+00
-3.227397,0.00E+00,0.00E+00,0.00E+00,0.00E+00,0.00E+00,0.00E+00
-3.225096,0.00E+00,0.00E+00,0.00E+00,0.00E+00,0.00E+00,0.00E+00
-3.222795,0.00E+00,0.00E+00,0.00E+00,0.00E+00,0.00E+00,0.00E+00
-3.220494,0.00E+00,0.00E+00,0.00E+00,0.00E+00,0.00E+00,0.00E+00
-3.218193,0.00E+00,0.00E+00,0.00E+00,0.00E+00,0.00E+00,0.00E+00
-3.215892,0.00E+00,0.00E+00,0.00E+00,0.00E+00,0.00E+00,0.00E+00
-3.213591,0.00E+00,0.00E+00,0.00E+00,0.00E+00,0.00E+00,0.00E+00
-3.21129,0.00E+00,0.00E+00,0.00E+00,0.00E+00,0.00E+00,0.00E+00
-3.208989,0.00E+00,0.00E+00,0.00E+00,0.00E+00,0.00E+00,0.00E+00
-3.206688,0.00E+00,0.00E+00,0.00E+00,0.00E+00,0.00E+00,0.00E+00
-3.204387,0.00E+00,0.00E+00,0.00E+00,0.00E+00,0.00E+00,0.00E+00
-3.202086,0.00E+00,0.00E+00,0.00E+00,0.00E+00,0.00E+00,0.00E+00
-3.199785,0.00E+00,0.00E+00,0.00E+00,0.00E+00,0.00E+00,0.00E+00
-3.197484,0.00E+00,0.00E+00,0.00E+00,0.00E+00,0.00E+00,0.00E+00
-3.195183,0.00E+00,0.00E+00,0.00E+00,0.00E+00,0.00E+00,0.00E+00
-3.192882,0.00E+00,0.00E+00,0.00E+00,0.00E+00,0.00E+00,0.00E+00
-3.190581,0.00E+00,0.00E+00,0.00E+00,0.00E+00,0.00E+00,0.00E+00
-3.18828,0.00E+00,0.00E+00,0.00E+00,0.00E+00,0.00E+00,0.00E+00
-3.185978,0.00E+00,0.00E+00,0.00E+00,0.00E+00,0.00E+00,0.00E+00
-3.183677,0.00E+00,0.00E+00,0.00E+00,0.00E+00,0.00E+00,0.00E+00
-3.181376,0.00E+00,0.00E+00,0.00E+00,0.00E+00,0.00E+00,0.00E+00
-3.179075,0.00E+00,0.00E+00,0.00E+00,0.00E+00,0.00E+00,0.00E+00
-3.176774,0.00E+00,0.00E+00,0.00E+00,0.00E+00,0.00E+00,0.00E+00
-3.174473,0.00E+00,0.00E+00,0.00E+00,0.00E+00,0.00E+00,0.00E+00
-3.172172,0.00E+00,0.00E+00,0.00E+00,0.00E+00,0.00E+00,0.00E+00
-3.169871,0.00E+00,0.00E+00,0.00E+00,0.00E+00,0.00E+00,0.00E+00
-3.16757,0.00E+00,0.00E+00,0.00E+00,0.00E+00,0.00E+00,0.00E+00
-3.165269,0.00E+00,0.00E+00,0.00E+00,0.00E+00,0.00E+00,0.00E+00
-3.162968,0.00E+00,0.00E+00,0.00E+00,0.00E+00,0.00E+00,0.00E+00
-3.160667,0.00E+00,0.00E+00,0.00E+00,0.00E+00,0.00E+00,0.00E+00
-3.158366,0.00E+00,0.00E+00,0.00E+00,0.00E+00,0.00E+00,0.00E+00
-3.156065,0.00E+00,0.00E+00,0.00E+00,0.00E+00,0.00E+00,0.00E+00
-3.153764,0.00E+00,0.00E+00,0.00E+00,0.00E+00,0.00E+00,0.00E+00
-3.151463,0.00E+00,0.00E+00,0.00E+00,0.00E+00,0.00E+00,0.00E+00
-3.149162,0.00E+00,0.00E+00,0.00E+00,0.00E+00,0.00E+00,0.00E+00
-3.146861,0.00E+00,0.00E+00,0.00E+00,0.00E+00,0.00E+00,0.00E+00
-3.14456,0.00E+00,0.00E+00,0.00E+00,0.00E+00,0.00E+00,0.00E+00
-3.142259,0.00E+00,0.00E+00,0.00E+00,0.00E+00,0.00E+00,0.00E+00
-3.139958,0.00E+00,0.00E+00,0.00E+00,0.00E+00,0.00E+00,0.00E+00
-3.137657,0.00E+00,0.00E+00,0.00E+00,0.00E+00,0.00E+00,0.00E+00
-3.135356,0.00E+00,0.00E+00,0.00E+00,0.00E+00,0.00E+00,0.00E+00
-3.133055,0.00E+00,0.00E+00,0.00E+00,0.00E+00,0.00E+00,0.00E+00
-3.130754,0.00E+00,0.00E+00,0.00E+00,0.00E+00,0.00E+00,0.00E+00
-3.128453,0.00E+00,0.00E+00,0.00E+00,0.00E+00,0.00E+00,0.00E+00
-3.126152,0.00E+00,0.00E+00,0.00E+00,0.00E+00,0.00E+00,0.00E+00
-3.123851,0.00E+00,0.00E+00,0.00E+00,0.00E+00,0.00E+00,0.00E+00
-3.12155,0.00E+00,0.00E+00,0.00E+00,0.00E+00,0.00E+00,0.00E+00
-3.119249,0.00E+00,0.00E+00,0.00E+00,0.00E+00,0.00E+00,0.00E+00
-3.116948,0.00E+00,0.00E+00,0.00E+00,0.00E+00,0.00E+00,0.00E+00
-3.114647,0.00E+00,0.00E+00,0.00E+00,0.00E+00,0.00E+00,0.00E+00
-3.112346,0.00E+00,0.00E+00,0.00E+00,0.00E+00,0.00E+00,0.00E+00
-3.110045,0.00E+00,0.00E+00,0.00E+00,0.00E+00,0.00E+00,0.00E+00
-3.107743,0.00E+00,0.00E+00,0.00E+00,0.00E+00,0.00E+00,0.00E+00
-3.105442,0.00E+00,0.00E+00,0.00E+00,0.00E+00,0.00E+00,0.00E+00
-3.103141,0.00E+00,0.00E+00,0.00E+00,0.00E+00,0.00E+00,0.00E+00
-3.10084,0.00E+00,0.00E+00,0.00E+00,0.00E+00,0.00E+00,0.00E+00
-3.098539,0.00E+00,0.00E+00,0.00E+00,0.00E+00,0.00E+00,0.00E+00
-3.096238,0.00E+00,0.00E+00,0.00E+00,0.00E+00,0.00E+00,0.00E+00
-3.093937,0.00E+00,0.00E+00,0.00E+00,0.00E+00,0.00E+00,0.00E+00
-3.091636,0.00E+00,0.00E+00,0.00E+00,0.00E+00,0.00E+00,0.00E+00
-3.089335,0.00E+00,0.00E+00,0.00E+00,0.00E+00,0.00E+00,0.00E+00
-3.087034,0.00E+00,0.00E+00,0.00E+00,0.00E+00,0.00E+00,0.00E+00
-3.084733,0.00E+00,0.00E+00,0.00E+00,0.00E+00,0.00E+00,0.00E+00
-3.082432,0.00E+00,0.00E+00,0.00E+00,0.00E+00,0.00E+00,0.00E+00
-3.080131,0.00E+00,0.00E+00,0.00E+00,0.00E+00,0.00E+00,0.00E+00
-3.07783,0.00E+00,0.00E+00,0.00E+00,0.00E+00,0.00E+00,0.00E+00
-3.075529,0.00E+00,0.00E+00,0.00E+00,0.00E+00,0.00E+00,0.00E+00
-3.073228,0.00E+00,0.00E+00,0.00E+00,0.00E+00,0.00E+00,0.00E+00
-3.070927,0.00E+00,0.00E+00,0.00E+00,0.00E+00,0.00E+00,0.00E+00
-3.068626,0.00E+00,0.00E+00,0.00E+00,0.00E+00,0.00E+00,0.00E+00
-3.066325,0.00E+00,0.00E+00,0.00E+00,0.00E+00,0.00E+00,0.00E+00
-3.064024,0.00E+00,0.00E+00,0.00E+00,0.00E+00,0.00E+00,0.00E+00
-3.061723,0.00E+00,0.00E+00,0.00E+00,0.00E+00,0.00E+00,0.00E+00
-3.059422,0.00E+00,0.00E+00,0.00E+00,0.00E+00,0.00E+00,0.00E+00
-3.057121,0.00E+00,0.00E+00,0.00E+00,0.00E+00,0.00E+00,0.00E+00
-3.05482,0.00E+00,0.00E+00,0.00E+00,0.00E+00,0.00E+00,0.00E+00
-3.052519,0.00E+00,0.00E+00,0.00E+00,0.00E+00,0.00E+00,0.00E+00
-3.050218,0.00E+00,0.00E+00,0.00E+00,0.00E+00,0.00E+00,0.00E+00
-3.047917,0.00E+00,0.00E+00,0.00E+00,0.00E+00,0.00E+00,0.00E+00
-3.045616,0.00E+00,0.00E+00,0.00E+00,0.00E+00,0.00E+00,0.00E+00
-3.043315,0.00E+00,0.00E+00,0.00E+00,0.00E+00,0.00E+00,0.00E+00
-3.041014,0.00E+00,0.00E+00,0.00E+00,0.00E+00,0.00E+00,0.00E+00
-3.038713,0.00E+00,0.00E+00,0.00E+00,0.00E+00,0.00E+00,0.00E+00
-3.036412,0.00E+00,0.00E+00,0.00E+00,0.00E+00,0.00E+00,0.00E+00
-3.034111,0.00E+00,0.00E+00,0.00E+00,0.00E+00,0.00E+00,0.00E+00
-3.031809,0.00E+00,0.00E+00,0.00E+00,0.00E+00,0.00E+00,0.00E+00
-3.029508,0.00E+00,0.00E+00,0.00E+00,0.00E+00,0.00E+00,0.00E+00
-3.027207,0.00E+00,0.00E+00,0.00E+00,0.00E+00,0.00E+00,0.00E+00
-3.024906,0.00E+00,0.00E+00,0.00E+00,0.00E+00,0.00E+00,0.00E+00
-3.022605,0.00E+00,0.00E+00,0.00E+00,0.00E+00,0.00E+00,0.00E+00
-3.020304,0.00E+00,0.00E+00,0.00E+00,0.00E+00,0.00E+00,0.00E+00
-3.018003,0.00E+00,0.00E+00,0.00E+00,0.00E+00,0.00E+00,0.00E+00
-3.015702,0.00E+00,0.00E+00,0.00E+00,0.00E+00,0.00E+00,0.00E+00
-3.013401,0.00E+00,0.00E+00,0.00E+00,0.00E+00,0.00E+00,0.00E+00
-3.0111,0.00E+00,0.00E+00,0.00E+00,0.00E+00,0.00E+00,0.00E+00
-3.008799,0.00E+00,0.00E+00,0.00E+00,0.00E+00,0.00E+00,0.00E+00
-3.006498,0.00E+00,0.00E+00,0.00E+00,0.00E+00,0.00E+00,0.00E+00
-3.004197,0.00E+00,0.00E+00,0.00E+00,0.00E+00,0.00E+00,0.00E+00
-3.001896,0.00E+00,0.00E+00,0.00E+00,0.00E+00,0.00E+00,0.00E+00
-2.999595,0.00E+00,0.00E+00,0.00E+00,0.00E+00,0.00E+00,0.00E+00
-2.997294,0.00E+00,0.00E+00,0.00E+00,0.00E+00,0.00E+00,0.00E+00
-2.994993,0.00E+00,0.00E+00,0.00E+00,0.00E+00,0.00E+00,0.00E+00
-2.992692,0.00E+00,0.00E+00,0.00E+00,0.00E+00,0.00E+00,0.00E+00
-2.990391,0.00E+00,0.00E+00,0.00E+00,0.00E+00,0.00E+00,0.00E+00
-2.98809,0.00E+00,0.00E+00,0.00E+00,0.00E+00,0.00E+00,0.00E+00
-2.985789,0.00E+00,0.00E+00,0.00E+00,0.00E+00,0.00E+00,0.00E+00
-2.983488,0.00E+00,0.00E+00,0.00E+00,0.00E+00,0.00E+00,0.00E+00
-2.981187,0.00E+00,0.00E+00,0.00E+00,0.00E+00,0.00E+00,0.00E+00
-2.978886,0.00E+00,0.00E+00,0.00E+00,0.00E+00,0.00E+00,0.00E+00
-2.976585,0.00E+00,0.00E+00,0.00E+00,0.00E+00,0.00E+00,0.00E+00
-2.974284,0.00E+00,0.00E+00,0.00E+00,0.00E+00,0.00E+00,0.00E+00
-2.971983,0.00E+00,0.00E+00,0.00E+00,0.00E+00,0.00E+00,0.00E+00
-2.969682,0.00E+00,0.00E+00,0.00E+00,0.00E+00,0.00E+00,0.00E+00
-2.967381,0.00E+00,0.00E+00,0.00E+00,0.00E+00,0.00E+00,0.00E+00
-2.96508,0.00E+00,0.00E+00,0.00E+00,0.00E+00,0.00E+00,0.00E+00
-2.962779,0.00E+00,0.00E+00,0.00E+00,0.00E+00,0.00E+00,0.00E+00
-2.960478,0.00E+00,0.00E+00,0.00E+00,0.00E+00,0.00E+00,0.00E+00
-2.958177,0.00E+00,0.00E+00,0.00E+00,0.00E+00,0.00E+00,0.00E+00
-2.955875,0.00E+00,0.00E+00,0.00E+00,0.00E+00,0.00E+00,0.00E+00
-2.953574,0.00E+00,0.00E+00,0.00E+00,0.00E+00,0.00E+00,0.00E+00
-2.951273,0.00E+00,0.00E+00,0.00E+00,0.00E+00,0.00E+00,0.00E+00
-2.948972,0.00E+00,0.00E+00,0.00E+00,0.00E+00,0.00E+00,0.00E+00
-2.946671,0.00E+00,0.00E+00,0.00E+00,0.00E+00,0.00E+00,0.00E+00
-2.94437,0.00E+00,0.00E+00,0.00E+00,0.00E+00,0.00E+00,0.00E+00
-2.942069,0.00E+00,0.00E+00,0.00E+00,0.00E+00,0.00E+00,0.00E+00
-2.939768,0.00E+00,0.00E+00,0.00E+00,0.00E+00,0.00E+00,0.00E+00
-2.937467,0.00E+00,0.00E+00,0.00E+00,0.00E+00,0.00E+00,0.00E+00
-2.935166,0.00E+00,0.00E+00,0.00E+00,0.00E+00,0.00E+00,0.00E+00
-2.932865,0.00E+00,0.00E+00,0.00E+00,0.00E+00,0.00E+00,0.00E+00
-2.930564,0.00E+00,0.00E+00,0.00E+00,0.00E+00,0.00E+00,0.00E+00
-2.928263,0.00E+00,0.00E+00,0.00E+00,0.00E+00,0.00E+00,0.00E+00
-2.925962,0.00E+00,0.00E+00,0.00E+00,0.00E+00,0.00E+00,0.00E+00
-2.923661,0.00E+00,0.00E+00,0.00E+00,0.00E+00,0.00E+00,0.00E+00
-2.92136,0.00E+00,0.00E+00,0.00E+00,0.00E+00,0.00E+00,0.00E+00
-2.919059,0.00E+00,0.00E+00,0.00E+00,0.00E+00,0.00E+00,0.00E+00
-2.916758,0.00E+00,0.00E+00,0.00E+00,0.00E+00,0.00E+00,0.00E+00
-2.914457,0.00E+00,0.00E+00,0.00E+00,0.00E+00,0.00E+00,0.00E+00
-2.912156,0.00E+00,0.00E+00,0.00E+00,0.00E+00,0.00E+00,0.00E+00
-2.909855,0.00E+00,0.00E+00,0.00E+00,0.00E+00,0.00E+00,0.00E+00
-2.907554,0.00E+00,0.00E+00,0.00E+00,0.00E+00,0.00E+00,0.00E+00
-2.905253,0.00E+00,0.00E+00,0.00E+00,0.00E+00,0.00E+00,0.00E+00
-2.902952,0.00E+00,0.00E+00,0.00E+00,0.00E+00,0.00E+00,0.00E+00
-2.900651,0.00E+00,0.00E+00,0.00E+00,0.00E+00,0.00E+00,0.00E+00
-2.89835,0.00E+00,0.00E+00,0.00E+00,0.00E+00,0.00E+00,0.00E+00
-2.896049,0.00E+00,0.00E+00,0.00E+00,0.00E+00,0.00E+00,0.00E+00
-2.893748,0.00E+00,0.00E+00,0.00E+00,0.00E+00,0.00E+00,0.00E+00
-2.891447,0.00E+00,0.00E+00,0.00E+00,0.00E+00,0.00E+00,0.00E+00
-2.889146,0.00E+00,0.00E+00,0.00E+00,0.00E+00,0.00E+00,0.00E+00
-2.886845,0.00E+00,0.00E+00,0.00E+00,0.00E+00,0.00E+00,0.00E+00
-2.884544,0.00E+00,0.00E+00,0.00E+00,0.00E+00,0.00E+00,0.00E+00
-2.882243,0.00E+00,0.00E+00,0.00E+00,0.00E+00,0.00E+00,0.00E+00
-2.879942,0.00E+00,0.00E+00,0.00E+00,0.00E+00,0.00E+00,0.00E+00
-2.87764,0.00E+00,0.00E+00,0.00E+00,0.00E+00,0.00E+00,0.00E+00
-2.875339,0.00E+00,0.00E+00,0.00E+00,0.00E+00,0.00E+00,0.00E+00
-2.873038,0.00E+00,0.00E+00,0.00E+00,0.00E+00,0.00E+00,0.00E+00
-2.870737,0.00E+00,0.00E+00,0.00E+00,0.00E+00,0.00E+00,0.00E+00
-2.868436,0.00E+00,0.00E+00,0.00E+00,0.00E+00,0.00E+00,0.00E+00
-2.866135,0.00E+00,0.00E+00,0.00E+00,0.00E+00,0.00E+00,0.00E+00
-2.863834,0.00E+00,0.00E+00,0.00E+00,0.00E+00,0.00E+00,0.00E+00
-2.861533,0.00E+00,0.00E+00,0.00E+00,0.00E+00,0.00E+00,0.00E+00
-2.859232,0.00E+00,0.00E+00,0.00E+00,0.00E+00,0.00E+00,0.00E+00
-2.856931,0.00E+00,0.00E+00,0.00E+00,0.00E+00,0.00E+00,0.00E+00
-2.85463,0.00E+00,0.00E+00,0.00E+00,0.00E+00,0.00E+00,0.00E+00
-2.852329,0.00E+00,0.00E+00,0.00E+00,0.00E+00,0.00E+00,0.00E+00
-2.850028,0.00E+00,0.00E+00,0.00E+00,0.00E+00,0.00E+00,0.00E+00
-2.847727,0.00E+00,0.00E+00,0.00E+00,0.00E+00,0.00E+00,0.00E+00
-2.845426,0.00E+00,0.00E+00,0.00E+00,0.00E+00,0.00E+00,0.00E+00
-2.843125,0.00E+00,0.00E+00,0.00E+00,0.00E+00,0.00E+00,0.00E+00
-2.840824,0.00E+00,0.00E+00,0.00E+00,0.00E+00,0.00E+00,0.00E+00
-2.838523,0.00E+00,0.00E+00,0.00E+00,0.00E+00,0.00E+00,0.00E+00
-2.836222,0.00E+00,0.00E+00,0.00E+00,0.00E+00,0.00E+00,0.00E+00
-2.833921,0.00E+00,0.00E+00,0.00E+00,0.00E+00,0.00E+00,0.00E+00
-2.83162,0.00E+00,0.00E+00,0.00E+00,0.00E+00,0.00E+00,0.00E+00
-2.829319,0.00E+00,0.00E+00,0.00E+00,0.00E+00,0.00E+00,0.00E+00
-2.827018,0.00E+00,0.00E+00,0.00E+00,0.00E+00,0.00E+00,0.00E+00
-2.824717,0.00E+00,0.00E+00,0.00E+00,0.00E+00,0.00E+00,0.00E+00
-2.822416,0.00E+00,0.00E+00,0.00E+00,0.00E+00,0.00E+00,0.00E+00
-2.820115,0.00E+00,0.00E+00,0.00E+00,0.00E+00,0.00E+00,0.00E+00
-2.817814,0.00E+00,0.00E+00,0.00E+00,0.00E+00,0.00E+00,0.00E+00
-2.815513,0.00E+00,0.00E+00,0.00E+00,0.00E+00,0.00E+00,0.00E+00
-2.813212,0.00E+00,0.00E+00,0.00E+00,0.00E+00,0.00E+00,0.00E+00
-2.810911,0.00E+00,0.00E+00,0.00E+00,0.00E+00,0.00E+00,0.00E+00
-2.80861,0.00E+00,0.00E+00,0.00E+00,0.00E+00,0.00E+00,0.00E+00
-2.806309,0.00E+00,0.00E+00,0.00E+00,0.00E+00,0.00E+00,0.00E+00
-2.804008,0.00E+00,0.00E+00,0.00E+00,0.00E+00,0.00E+00,0.00E+00
-2.801706,0.00E+00,0.00E+00,0.00E+00,0.00E+00,0.00E+00,0.00E+00
-2.799405,0.00E+00,0.00E+00,0.00E+00,0.00E+00,0.00E+00,0.00E+00
-2.797104,0.00E+00,0.00E+00,0.00E+00,0.00E+00,0.00E+00,0.00E+00
-2.794803,0.00E+00,0.00E+00,0.00E+00,0.00E+00,0.00E+00,0.00E+00
-2.792502,0.00E+00,0.00E+00,0.00E+00,0.00E+00,0.00E+00,0.00E+00
-2.790201,0.00E+00,0.00E+00,0.00E+00,0.00E+00,0.00E+00,0.00E+00
-2.7879,0.00E+00,0.00E+00,0.00E+00,0.00E+00,0.00E+00,0.00E+00
-2.785599,0.00E+00,0.00E+00,0.00E+00,0.00E+00,0.00E+00,0.00E+00
-2.783298,0.00E+00,0.00E+00,0.00E+00,0.00E+00,0.00E+00,0.00E+00
-2.780997,0.00E+00,0.00E+00,0.00E+00,0.00E+00,0.00E+00,0.00E+00
-2.778696,0.00E+00,0.00E+00,0.00E+00,0.00E+00,0.00E+00,0.00E+00
-2.776395,0.00E+00,0.00E+00,0.00E+00,0.00E+00,0.00E+00,0.00E+00
-2.774094,0.00E+00,0.00E+00,0.00E+00,0.00E+00,0.00E+00,0.00E+00
-2.771793,0.00E+00,0.00E+00,0.00E+00,0.00E+00,0.00E+00,0.00E+00
-2.769492,0.00E+00,0.00E+00,0.00E+00,0.00E+00,0.00E+00,0.00E+00
-2.767191,0.00E+00,0.00E+00,0.00E+00,0.00E+00,0.00E+00,0.00E+00
-2.76489,0.00E+00,0.00E+00,0.00E+00,0.00E+00,0.00E+00,0.00E+00
-2.762589,0.00E+00,0.00E+00,0.00E+00,0.00E+00,0.00E+00,0.00E+00
-2.760288,0.00E+00,0.00E+00,0.00E+00,0.00E+00,0.00E+00,0.00E+00
-2.757987,0.00E+00,0.00E+00,0.00E+00,0.00E+00,0.00E+00,0.00E+00
-2.755686,0.00E+00,0.00E+00,0.00E+00,0.00E+00,0.00E+00,0.00E+00
-2.753385,0.00E+00,0.00E+00,0.00E+00,0.00E+00,0.00E+00,0.00E+00
-2.751084,0.00E+00,0.00E+00,0.00E+00,0.00E+00,0.00E+00,0.00E+00
-2.748783,0.00E+00,0.00E+00,0.00E+00,0.00E+00,0.00E+00,0.00E+00
-2.746482,0.00E+00,0.00E+00,0.00E+00,0.00E+00,0.00E+00,0.00E+00
-2.744181,0.00E+00,0.00E+00,0.00E+00,0.00E+00,0.00E+00,0.00E+00
-2.74188,0.00E+00,0.00E+00,0.00E+00,6.34E-05,0.00E+00,0.00E+00
-2.739579,0.00E+00,0.00E+00,0.00E+00,1.65E-04,0.00E+00,0.00E+00
-2.737278,0.00E+00,0.00E+00,0.00E+00,2.65E-04,0.00E+00,0.00E+00
-2.734977,0.00E+00,0.00E+00,0.00E+00,3.63E-04,0.00E+00,0.00E+00
-2.732676,0.00E+00,0.00E+00,0.00E+00,4.59E-04,0.00E+00,0.00E+00
-2.730375,0.00E+00,0.00E+00,0.00E+00,5.53E-04,0.00E+00,0.00E+00
-2.728074,0.00E+00,0.00E+00,0.00E+00,6.45E-04,0.00E+00,0.00E+00
-2.725772,0.00E+00,0.00E+00,0.00E+00,7.35E-04,0.00E+00,0.00E+00
-2.723471,0.00E+00,0.00E+00,0.00E+00,8.24E-04,0.00E+00,0.00E+00
-2.72117,0.00E+00,0.00E+00,0.00E+00,9.11E-04,0.00E+00,0.00E+00
-2.718869,0.00E+00,0.00E+00,0.00E+00,9.96E-04,0.00E+00,0.00E+00
-2.716568,0.00E+00,0.00E+00,0.00E+00,1.08E-03,0.00E+00,0.00E+00
-2.714267,0.00E+00,0.00E+00,0.00E+00,1.16E-03,0.00E+00,0.00E+00
-2.711966,0.00E+00,0.00E+00,0.00E+00,1.24E-03,0.00E+00,0.00E+00
-2.709665,0.00E+00,0.00E+00,0.00E+00,1.32E-03,0.00E+00,0.00E+00
-2.707364,0.00E+00,0.00E+00,0.00E+00,1.40E-03,0.00E+00,0.00E+00
-2.705063,0.00E+00,0.00E+00,0.00E+00,1.48E-03,0.00E+00,0.00E+00
-2.702762,0.00E+00,0.00E+00,0.00E+00,1.55E-03,0.00E+00,0.00E+00
-2.700461,0.00E+00,0.00E+00,0.00E+00,1.63E-03,0.00E+00,0.00E+00
-2.69816,0.00E+00,0.00E+00,0.00E+00,1.70E-03,0.00E+00,0.00E+00
-2.695859,0.00E+00,0.00E+00,0.00E+00,1.78E-03,0.00E+00,0.00E+00
-2.693558,0.00E+00,0.00E+00,0.00E+00,1.85E-03,0.00E+00,0.00E+00
-2.691257,0.00E+00,0.00E+00,0.00E+00,1.92E-03,0.00E+00,0.00E+00
-2.688956,0.00E+00,0.00E+00,0.00E+00,1.99E-03,0.00E+00,0.00E+00
-2.686655,0.00E+00,0.00E+00,0.00E+00,2.06E-03,0.00E+00,0.00E+00
-2.684354,0.00E+00,0.00E+00,0.00E+00,2.13E-03,0.00E+00,0.00E+00
-2.682053,0.00E+00,0.00E+00,0.00E+00,2.20E-03,0.00E+00,0.00E+00
-2.679752,0.00E+00,0.00E+00,0.00E+00,2.27E-03,0.00E+00,0.00E+00
-2.677451,0.00E+00,0.00E+00,0.00E+00,2.34E-03,0.00E+00,0.00E+00
-2.67515,0.00E+00,0.00E+00,0.00E+00,2.41E-03,0.00E+00,0.00E+00
-2.672849,0.00E+00,0.00E+00,0.00E+00,2.48E-03,0.00E+00,0.00E+00
-2.670548,0.00E+00,0.00E+00,0.00E+00,2.55E-03,0.00E+00,0.00E+00
-2.668247,0.00E+00,0.00E+00,0.00E+00,2.62E-03,0.00E+00,0.00E+00
-2.665946,0.00E+00,0.00E+00,0.00E+00,2.69E-03,0.00E+00,0.00E+00
-2.663645,0.00E+00,0.00E+00,0.00E+00,2.76E-03,0.00E+00,0.00E+00
-2.661344,0.00E+00,0.00E+00,0.00E+00,2.83E-03,0.00E+00,0.00E+00
-2.659043,0.00E+00,0.00E+00,0.00E+00,2.91E-03,0.00E+00,0.00E+00
-2.656742,0.00E+00,0.00E+00,0.00E+00,2.98E-03,0.00E+00,0.00E+00
-2.654441,0.00E+00,0.00E+00,0.00E+00,3.05E-03,0.00E+00,0.00E+00
-2.65214,0.00E+00,0.00E+00,0.00E+00,3.13E-03,0.00E+00,0.00E+00
-2.649839,0.00E+00,0.00E+00,0.00E+00,3.20E-03,0.00E+00,0.00E+00
-2.647537,0.00E+00,0.00E+00,0.00E+00,3.28E-03,0.00E+00,0.00E+00
-2.645236,0.00E+00,0.00E+00,0.00E+00,3.35E-03,0.00E+00,0.00E+00
-2.642935,0.00E+00,0.00E+00,0.00E+00,3.43E-03,0.00E+00,0.00E+00
-2.640634,0.00E+00,0.00E+00,0.00E+00,3.51E-03,0.00E+00,0.00E+00
-2.638333,0.00E+00,0.00E+00,0.00E+00,3.59E-03,0.00E+00,0.00E+00
-2.636032,0.00E+00,0.00E+00,0.00E+00,3.67E-03,0.00E+00,0.00E+00
-2.633731,0.00E+00,0.00E+00,0.00E+00,3.76E-03,0.00E+00,0.00E+00
-2.63143,0.00E+00,0.00E+00,0.00E+00,3.84E-03,0.00E+00,0.00E+00
-2.629129,0.00E+00,0.00E+00,0.00E+00,3.92E-03,0.00E+00,0.00E+00
-2.626828,0.00E+00,0.00E+00,0.00E+00,4.01E-03,0.00E+00,0.00E+00
-2.624527,0.00E+00,0.00E+00,0.00E+00,4.10E-03,0.00E+00,0.00E+00
-2.622226,0.00E+00,0.00E+00,0.00E+00,4.18E-03,0.00E+00,0.00E+00
-2.619925,0.00E+00,0.00E+00,0.00E+00,4.27E-03,0.00E+00,0.00E+00
-2.617624,0.00E+00,0.00E+00,0.00E+00,4.36E-03,0.00E+00,0.00E+00
-2.615323,0.00E+00,0.00E+00,0.00E+00,4.45E-03,0.00E+00,0.00E+00
-2.613022,0.00E+00,0.00E+00,0.00E+00,4.54E-03,0.00E+00,0.00E+00
-2.610721,0.00E+00,0.00E+00,0.00E+00,4.63E-03,0.00E+00,0.00E+00
-2.60842,0.00E+00,0.00E+00,0.00E+00,4.73E-03,0.00E+00,0.00E+00
-2.606119,0.00E+00,0.00E+00,0.00E+00,4.82E-03,0.00E+00,0.00E+00
-2.603818,0.00E+00,0.00E+00,0.00E+00,4.92E-03,0.00E+00,0.00E+00
-2.601517,0.00E+00,0.00E+00,0.00E+00,5.01E-03,0.00E+00,0.00E+00
-2.599216,0.00E+00,0.00E+00,0.00E+00,5.11E-03,0.00E+00,0.00E+00
-2.596915,0.00E+00,0.00E+00,0.00E+00,5.20E-03,0.00E+00,0.00E+00
-2.594614,0.00E+00,0.00E+00,0.00E+00,5.30E-03,0.00E+00,0.00E+00
-2.592313,0.00E+00,0.00E+00,0.00E+00,5.40E-03,0.00E+00,0.00E+00
-2.590012,0.00E+00,0.00E+00,0.00E+00,5.50E-03,0.00E+00,0.00E+00
-2.587711,0.00E+00,0.00E+00,0.00E+00,5.60E-03,0.00E+00,0.00E+00
-2.58541,0.00E+00,0.00E+00,0.00E+00,5.70E-03,0.00E+00,0.00E+00
-2.583109,0.00E+00,0.00E+00,0.00E+00,5.80E-03,0.00E+00,0.00E+00
-2.580808,0.00E+00,0.00E+00,0.00E+00,5.90E-03,0.00E+00,0.00E+00
-2.578507,0.00E+00,0.00E+00,0.00E+00,6.00E-03,0.00E+00,0.00E+00
-2.576206,0.00E+00,0.00E+00,0.00E+00,6.11E-03,0.00E+00,0.00E+00
-2.573905,0.00E+00,0.00E+00,0.00E+00,6.21E-03,0.00E+00,0.00E+00
-2.571603,0.00E+00,0.00E+00,0.00E+00,6.32E-03,0.00E+00,0.00E+00
-2.569302,0.00E+00,0.00E+00,0.00E+00,6.42E-03,0.00E+00,0.00E+00
-2.567001,0.00E+00,0.00E+00,0.00E+00,6.53E-03,0.00E+00,0.00E+00
-2.5647,0.00E+00,0.00E+00,0.00E+00,6.64E-03,0.00E+00,0.00E+00
-2.562399,0.00E+00,0.00E+00,0.00E+00,6.75E-03,0.00E+00,0.00E+00
-2.560098,0.00E+00,0.00E+00,0.00E+00,6.86E-03,0.00E+00,0.00E+00
-2.557797,0.00E+00,0.00E+00,0.00E+00,6.97E-03,0.00E+00,0.00E+00
-2.555496,0.00E+00,0.00E+00,0.00E+00,7.08E-03,0.00E+00,0.00E+00
-2.553195,0.00E+00,0.00E+00,0.00E+00,7.20E-03,0.00E+00,0.00E+00
-2.550894,0.00E+00,0.00E+00,0.00E+00,7.31E-03,0.00E+00,0.00E+00
-2.548593,0.00E+00,0.00E+00,0.00E+00,7.43E-03,0.00E+00,0.00E+00
-2.546292,0.00E+00,0.00E+00,0.00E+00,7.54E-03,0.00E+00,0.00E+00
-2.543991,0.00E+00,0.00E+00,0.00E+00,7.66E-03,0.00E+00,0.00E+00
-2.54169,0.00E+00,0.00E+00,0.00E+00,7.78E-03,0.00E+00,0.00E+00
-2.539389,0.00E+00,0.00E+00,0.00E+00,7.90E-03,0.00E+00,0.00E+00
-2.537088,0.00E+00,0.00E+00,0.00E+00,8.02E-03,0.00E+00,0.00E+00
-2.534787,0.00E+00,0.00E+00,0.00E+00,8.14E-03,0.00E+00,0.00E+00
-2.532486,0.00E+00,0.00E+00,0.00E+00,8.26E-03,0.00E+00,0.00E+00
-2.530185,0.00E+00,0.00E+00,0.00E+00,8.38E-03,0.00E+00,0.00E+00
-2.527884,0.00E+00,0.00E+00,0.00E+00,8.51E-03,0.00E+00,0.00E+00
-2.525583,0.00E+00,0.00E+00,0.00E+00,8.63E-03,0.00E+00,0.00E+00
-2.523282,0.00E+00,0.00E+00,0.00E+00,8.76E-03,0.00E+00,0.00E+00
-2.520981,0.00E+00,0.00E+00,0.00E+00,8.89E-03,0.00E+00,0.00E+00
-2.51868,0.00E+00,0.00E+00,0.00E+00,9.01E-03,0.00E+00,0.00E+00
-2.516379,0.00E+00,0.00E+00,0.00E+00,9.14E-03,0.00E+00,0.00E+00
-2.514078,0.00E+00,0.00E+00,0.00E+00,9.27E-03,0.00E+00,0.00E+00
-2.511777,0.00E+00,0.00E+00,0.00E+00,9.40E-03,0.00E+00,0.00E+00
-2.509476,0.00E+00,0.00E+00,0.00E+00,9.53E-03,0.00E+00,0.00E+00
-2.507175,0.00E+00,0.00E+00,0.00E+00,9.67E-03,0.00E+00,0.00E+00
-2.504874,0.00E+00,0.00E+00,0.00E+00,9.80E-03,0.00E+00,0.00E+00
-2.502573,0.00E+00,0.00E+00,0.00E+00,9.93E-03,0.00E+00,0.00E+00
-2.500272,0.00E+00,0.00E+00,0.00E+00,1.01E-02,0.00E+00,0.00E+00
-2.497971,0.00E+00,0.00E+00,0.00E+00,1.02E-02,0.00E+00,0.00E+00
-2.495669,0.00E+00,0.00E+00,0.00E+00,1.03E-02,0.00E+00,0.00E+00
-2.493368,0.00E+00,0.00E+00,0.00E+00,1.05E-02,0.00E+00,0.00E+00
-2.491067,0.00E+00,0.00E+00,0.00E+00,1.06E-02,0.00E+00,0.00E+00
-2.488766,0.00E+00,0.00E+00,0.00E+00,1.08E-02,0.00E+00,0.00E+00
-2.486465,0.00E+00,0.00E+00,0.00E+00,1.09E-02,0.00E+00,0.00E+00
-2.484164,0.00E+00,0.00E+00,0.00E+00,1.10E-02,0.00E+00,0.00E+00
-2.481863,0.00E+00,0.00E+00,0.00E+00,1.12E-02,0.00E+00,0.00E+00
-2.479562,0.00E+00,0.00E+00,0.00E+00,1.13E-02,0.00E+00,0.00E+00
-2.477261,0.00E+00,0.00E+00,0.00E+00,1.15E-02,0.00E+00,0.00E+00
-2.47496,0.00E+00,0.00E+00,0.00E+00,1.16E-02,0.00E+00,0.00E+00
-2.472659,0.00E+00,0.00E+00,0.00E+00,1.17E-02,0.00E+00,0.00E+00
-2.470358,0.00E+00,0.00E+00,0.00E+00,1.19E-02,0.00E+00,0.00E+00
-2.468057,0.00E+00,0.00E+00,0.00E+00,1.20E-02,0.00E+00,0.00E+00
-2.465756,0.00E+00,0.00E+00,0.00E+00,1.22E-02,0.00E+00,0.00E+00
-2.463455,0.00E+00,0.00E+00,0.00E+00,1.23E-02,0.00E+00,0.00E+00
-2.461154,0.00E+00,0.00E+00,0.00E+00,1.25E-02,0.00E+00,0.00E+00
-2.458853,0.00E+00,0.00E+00,0.00E+00,1.26E-02,0.00E+00,0.00E+00
-2.456552,0.00E+00,0.00E+00,0.00E+00,1.28E-02,0.00E+00,0.00E+00
-2.454251,0.00E+00,0.00E+00,0.00E+00,1.29E-02,0.00E+00,0.00E+00
-2.45195,0.00E+00,0.00E+00,0.00E+00,1.31E-02,0.00E+00,0.00E+00
-2.449649,0.00E+00,0.00E+00,0.00E+00,1.32E-02,0.00E+00,0.00E+00
-2.447348,0.00E+00,0.00E+00,0.00E+00,1.34E-02,0.00E+00,0.00E+00
-2.445047,0.00E+00,0.00E+00,0.00E+00,1.35E-02,0.00E+00,0.00E+00
-2.442746,0.00E+00,0.00E+00,0.00E+00,1.36E-02,0.00E+00,0.00E+00
-2.440445,0.00E+00,0.00E+00,0.00E+00,1.38E-02,0.00E+00,0.00E+00
-2.438144,0.00E+00,0.00E+00,0.00E+00,1.39E-02,0.00E+00,0.00E+00
-2.435843,0.00E+00,0.00E+00,0.00E+00,1.41E-02,0.00E+00,0.00E+00
-2.433542,0.00E+00,0.00E+00,0.00E+00,1.43E-02,0.00E+00,0.00E+00
-2.431241,0.00E+00,0.00E+00,0.00E+00,1.44E-02,0.00E+00,0.00E+00
-2.42894,0.00E+00,0.00E+00,0.00E+00,1.46E-02,0.00E+00,0.00E+00
-2.426639,0.00E+00,0.00E+00,0.00E+00,1.47E-02,0.00E+00,0.00E+00
-2.424338,0.00E+00,0.00E+00,0.00E+00,1.49E-02,0.00E+00,0.00E+00
-2.422037,0.00E+00,0.00E+00,0.00E+00,1.50E-02,0.00E+00,0.00E+00
-2.419736,0.00E+00,0.00E+00,0.00E+00,1.52E-02,0.00E+00,0.00E+00
-2.417434,0.00E+00,0.00E+00,0.00E+00,1.54E-02,0.00E+00,0.00E+00
-2.415133,0.00E+00,0.00E+00,0.00E+00,1.55E-02,0.00E+00,0.00E+00
-2.412832,0.00E+00,0.00E+00,0.00E+00,1.57E-02,0.00E+00,0.00E+00
-2.410531,0.00E+00,0.00E+00,0.00E+00,1.59E-02,0.00E+00,0.00E+00
-2.40823,0.00E+00,0.00E+00,0.00E+00,1.60E-02,0.00E+00,0.00E+00
-2.405929,0.00E+00,0.00E+00,0.00E+00,1.62E-02,0.00E+00,0.00E+00
-2.403628,0.00E+00,0.00E+00,0.00E+00,1.64E-02,0.00E+00,0.00E+00
-2.401327,0.00E+00,0.00E+00,0.00E+00,1.66E-02,0.00E+00,0.00E+00
-2.399026,0.00E+00,0.00E+00,0.00E+00,1.68E-02,0.00E+00,0.00E+00
-2.396725,0.00E+00,0.00E+00,0.00E+00,1.69E-02,0.00E+00,0.00E+00
-2.394424,0.00E+00,0.00E+00,0.00E+00,1.71E-02,0.00E+00,0.00E+00
-2.392123,0.00E+00,0.00E+00,0.00E+00,1.73E-02,0.00E+00,0.00E+00
-2.389822,0.00E+00,0.00E+00,0.00E+00,1.75E-02,0.00E+00,0.00E+00
-2.387521,0.00E+00,0.00E+00,0.00E+00,1.77E-02,0.00E+00,0.00E+00
-2.38522,0.00E+00,0.00E+00,0.00E+00,1.79E-02,0.00E+00,0.00E+00
-2.382919,0.00E+00,0.00E+00,0.00E+00,1.81E-02,0.00E+00,0.00E+00
-2.380618,0.00E+00,0.00E+00,0.00E+00,1.83E-02,0.00E+00,0.00E+00
-2.378317,0.00E+00,0.00E+00,0.00E+00,1.85E-02,0.00E+00,0.00E+00
-2.376016,0.00E+00,0.00E+00,0.00E+00,1.87E-02,0.00E+00,0.00E+00
-2.373715,0.00E+00,0.00E+00,0.00E+00,1.89E-02,0.00E+00,0.00E+00
-2.371414,0.00E+00,0.00E+00,0.00E+00,1.90E-02,0.00E+00,0.00E+00
-2.369113,0.00E+00,0.00E+00,0.00E+00,1.92E-02,0.00E+00,0.00E+00
-2.366812,0.00E+00,0.00E+00,0.00E+00,1.94E-02,0.00E+00,0.00E+00
-2.364511,0.00E+00,0.00E+00,0.00E+00,1.96E-02,0.00E+00,0.00E+00
-2.36221,0.00E+00,0.00E+00,0.00E+00,1.98E-02,0.00E+00,0.00E+00
-2.359909,0.00E+00,0.00E+00,0.00E+00,2.00E-02,0.00E+00,0.00E+00
-2.357608,0.00E+00,0.00E+00,0.00E+00,2.02E-02,0.00E+00,0.00E+00
-2.355307,0.00E+00,0.00E+00,0.00E+00,2.04E-02,0.00E+00,0.00E+00
-2.353006,0.00E+00,0.00E+00,0.00E+00,2.06E-02,0.00E+00,0.00E+00
-2.350705,0.00E+00,0.00E+00,0.00E+00,2.08E-02,0.00E+00,0.00E+00
-2.348404,0.00E+00,0.00E+00,0.00E+00,2.10E-02,0.00E+00,0.00E+00
-2.346103,0.00E+00,0.00E+00,0.00E+00,2.12E-02,0.00E+00,0.00E+00
-2.343802,0.00E+00,0.00E+00,0.00E+00,2.14E-02,0.00E+00,0.00E+00
-2.3415,0.00E+00,0.00E+00,0.00E+00,2.16E-02,0.00E+00,0.00E+00
-2.339199,0.00E+00,0.00E+00,0.00E+00,2.18E-02,0.00E+00,0.00E+00
-2.336898,0.00E+00,0.00E+00,0.00E+00,2.20E-02,0.00E+00,0.00E+00
-2.334597,0.00E+00,0.00E+00,0.00E+00,2.22E-02,0.00E+00,0.00E+00
-2.332296,0.00E+00,0.00E+00,0.00E+00,2.24E-02,0.00E+00,0.00E+00
-2.329995,0.00E+00,0.00E+00,0.00E+00,2.26E-02,0.00E+00,0.00E+00
-2.327694,0.00E+00,0.00E+00,0.00E+00,2.28E-02,0.00E+00,0.00E+00
-2.325393,0.00E+00,0.00E+00,0.00E+00,2.30E-02,0.00E+00,0.00E+00
-2.323092,0.00E+00,0.00E+00,0.00E+00,2.32E-02,0.00E+00,0.00E+00
-2.320791,0.00E+00,0.00E+00,0.00E+00,2.35E-02,0.00E+00,0.00E+00
-2.31849,0.00E+00,0.00E+00,0.00E+00,2.37E-02,0.00E+00,0.00E+00
-2.316189,0.00E+00,0.00E+00,0.00E+00,2.39E-02,0.00E+00,0.00E+00
-2.313888,0.00E+00,0.00E+00,0.00E+00,2.41E-02,0.00E+00,0.00E+00
-2.311587,0.00E+00,0.00E+00,0.00E+00,2.43E-02,0.00E+00,0.00E+00
-2.309286,0.00E+00,0.00E+00,0.00E+00,2.45E-02,0.00E+00,0.00E+00
-2.306985,0.00E+00,0.00E+00,0.00E+00,2.47E-02,0.00E+00,0.00E+00
-2.304684,0.00E+00,0.00E+00,0.00E+00,2.50E-02,0.00E+00,0.00E+00
-2.302383,0.00E+00,0.00E+00,0.00E+00,2.52E-02,0.00E+00,0.00E+00
-2.300082,0.00E+00,0.00E+00,0.00E+00,2.54E-02,0.00E+00,0.00E+00
-2.297781,0.00E+00,0.00E+00,0.00E+00,2.56E-02,0.00E+00,0.00E+00
-2.29548,0.00E+00,0.00E+00,0.00E+00,2.58E-02,0.00E+00,0.00E+00
-2.293179,0.00E+00,0.00E+00,0.00E+00,2.61E-02,0.00E+00,0.00E+00
-2.290878,0.00E+00,0.00E+00,0.00E+00,2.63E-02,0.00E+00,0.00E+00
-2.288577,0.00E+00,0.00E+00,0.00E+00,2.65E-02,0.00E+00,0.00E+00
-2.286276,0.00E+00,0.00E+00,0.00E+00,2.68E-02,0.00E+00,0.00E+00
-2.283975,0.00E+00,0.00E+00,0.00E+00,2.70E-02,0.00E+00,0.00E+00
-2.281674,0.00E+00,0.00E+00,0.00E+00,2.72E-02,0.00E+00,0.00E+00
-2.279373,0.00E+00,0.00E+00,0.00E+00,2.75E-02,0.00E+00,0.00E+00
-2.277072,0.00E+00,0.00E+00,0.00E+00,2.77E-02,0.00E+00,0.00E+00
-2.274771,0.00E+00,0.00E+00,0.00E+00,2.79E-02,0.00E+00,0.00E+00
-2.27247,0.00E+00,0.00E+00,0.00E+00,2.82E-02,0.00E+00,0.00E+00
-2.270169,0.00E+00,0.00E+00,0.00E+00,2.84E-02,0.00E+00,0.00E+00
-2.267868,0.00E+00,0.00E+00,0.00E+00,2.87E-02,0.00E+00,0.00E+00
-2.265566,0.00E+00,0.00E+00,0.00E+00,2.89E-02,0.00E+00,0.00E+00
-2.263265,0.00E+00,0.00E+00,0.00E+00,2.92E-02,0.00E+00,0.00E+00
-2.260964,0.00E+00,0.00E+00,0.00E+00,2.94E-02,0.00E+00,0.00E+00
-2.258663,0.00E+00,0.00E+00,0.00E+00,2.97E-02,0.00E+00,0.00E+00
-2.256362,0.00E+00,0.00E+00,0.00E+00,2.99E-02,0.00E+00,0.00E+00
-2.254061,0.00E+00,0.00E+00,0.00E+00,3.02E-02,0.00E+00,0.00E+00
-2.25176,0.00E+00,0.00E+00,0.00E+00,3.04E-02,0.00E+00,0.00E+00
-2.249459,0.00E+00,0.00E+00,0.00E+00,3.07E-02,0.00E+00,0.00E+00
-2.247158,0.00E+00,0.00E+00,0.00E+00,3.09E-02,0.00E+00,0.00E+00
-2.244857,0.00E+00,0.00E+00,0.00E+00,3.12E-02,0.00E+00,0.00E+00
-2.242556,0.00E+00,0.00E+00,0.00E+00,3.15E-02,0.00E+00,0.00E+00
-2.240255,0.00E+00,0.00E+00,0.00E+00,3.17E-02,0.00E+00,0.00E+00
-2.237954,0.00E+00,0.00E+00,0.00E+00,3.20E-02,0.00E+00,0.00E+00
-2.235653,0.00E+00,0.00E+00,0.00E+00,3.23E-02,0.00E+00,0.00E+00
-2.233352,0.00E+00,0.00E+00,0.00E+00,3.25E-02,0.00E+00,0.00E+00
-2.231051,0.00E+00,0.00E+00,0.00E+00,3.28E-02,0.00E+00,0.00E+00
-2.22875,0.00E+00,0.00E+00,0.00E+00,3.31E-02,0.00E+00,0.00E+00
-2.226449,0.00E+00,0.00E+00,0.00E+00,3.33E-02,0.00E+00,0.00E+00
-2.224148,0.00E+00,0.00E+00,0.00E+00,3.36E-02,0.00E+00,0.00E+00
-2.221847,0.00E+00,0.00E+00,0.00E+00,3.39E-02,0.00E+00,0.00E+00
-2.219546,0.00E+00,0.00E+00,0.00E+00,3.42E-02,0.00E+00,0.00E+00
-2.217245,0.00E+00,0.00E+00,0.00E+00,3.44E-02,0.00E+00,0.00E+00
-2.214944,0.00E+00,0.00E+00,0.00E+00,3.47E-02,0.00E+00,0.00E+00
-2.212643,0.00E+00,0.00E+00,0.00E+00,3.50E-02,0.00E+00,0.00E+00
-2.210342,0.00E+00,0.00E+00,0.00E+00,3.53E-02,0.00E+00,0.00E+00
-2.208041,0.00E+00,0.00E+00,0.00E+00,3.55E-02,0.00E+00,0.00E+00
-2.20574,0.00E+00,0.00E+00,0.00E+00,3.58E-02,0.00E+00,0.00E+00
-2.203439,0.00E+00,0.00E+00,0.00E+00,3.61E-02,0.00E+00,0.00E+00
-2.201138,0.00E+00,0.00E+00,0.00E+00,3.64E-02,0.00E+00,0.00E+00
-2.198837,0.00E+00,0.00E+00,0.00E+00,3.67E-02,0.00E+00,0.00E+00
-2.196536,0.00E+00,0.00E+00,0.00E+00,3.70E-02,0.00E+00,0.00E+00
-2.194235,0.00E+00,0.00E+00,0.00E+00,3.73E-02,0.00E+00,0.00E+00
-2.191934,0.00E+00,0.00E+00,0.00E+00,3.75E-02,0.00E+00,0.00E+00
-2.189633,0.00E+00,0.00E+00,0.00E+00,3.78E-02,0.00E+00,0.00E+00
-2.187331,0.00E+00,0.00E+00,0.00E+00,3.81E-02,0.00E+00,0.00E+00
-2.18503,0.00E+00,0.00E+00,0.00E+00,3.84E-02,0.00E+00,0.00E+00
-2.182729,0.00E+00,0.00E+00,0.00E+00,3.87E-02,0.00E+00,0.00E+00
-2.180428,0.00E+00,0.00E+00,0.00E+00,3.90E-02,0.00E+00,0.00E+00
-2.178127,0.00E+00,0.00E+00,0.00E+00,3.93E-02,0.00E+00,0.00E+00
-2.175826,0.00E+00,0.00E+00,0.00E+00,3.96E-02,0.00E+00,0.00E+00
-2.173525,0.00E+00,0.00E+00,0.00E+00,3.99E-02,0.00E+00,0.00E+00
-2.171224,0.00E+00,0.00E+00,0.00E+00,4.02E-02,0.00E+00,0.00E+00
-2.168923,0.00E+00,0.00E+00,0.00E+00,4.05E-02,0.00E+00,0.00E+00
-2.166622,0.00E+00,0.00E+00,0.00E+00,4.08E-02,0.00E+00,0.00E+00
-2.164321,0.00E+00,0.00E+00,0.00E+00,4.11E-02,0.00E+00,0.00E+00
-2.16202,0.00E+00,0.00E+00,0.00E+00,4.14E-02,0.00E+00,0.00E+00
-2.159719,0.00E+00,0.00E+00,0.00E+00,4.18E-02,0.00E+00,0.00E+00
-2.157418,0.00E+00,0.00E+00,0.00E+00,4.21E-02,0.00E+00,0.00E+00
-2.155117,0.00E+00,0.00E+00,0.00E+00,4.24E-02,0.00E+00,0.00E+00
-2.152816,0.00E+00,0.00E+00,0.00E+00,4.27E-02,0.00E+00,0.00E+00
-2.150515,0.00E+00,0.00E+00,0.00E+00,4.30E-02,0.00E+00,0.00E+00
-2.148214,0.00E+00,0.00E+00,0.00E+00,4.33E-02,0.00E+00,0.00E+00
-2.145913,0.00E+00,0.00E+00,0.00E+00,4.37E-02,0.00E+00,0.00E+00
-2.143612,0.00E+00,0.00E+00,0.00E+00,4.40E-02,0.00E+00,0.00E+00
-2.141311,0.00E+00,0.00E+00,0.00E+00,4.43E-02,0.00E+00,0.00E+00
-2.13901,0.00E+00,0.00E+00,0.00E+00,4.46E-02,0.00E+00,0.00E+00
-2.136709,0.00E+00,0.00E+00,0.00E+00,4.50E-02,0.00E+00,0.00E+00
-2.134408,0.00E+00,0.00E+00,0.00E+00,4.53E-02,0.00E+00,0.00E+00
-2.132107,0.00E+00,0.00E+00,0.00E+00,4.56E-02,0.00E+00,0.00E+00
-2.129806,0.00E+00,0.00E+00,0.00E+00,4.60E-02,0.00E+00,0.00E+00
-2.127505,0.00E+00,0.00E+00,0.00E+00,4.63E-02,0.00E+00,0.00E+00
-2.125204,0.00E+00,0.00E+00,0.00E+00,4.66E-02,0.00E+00,0.00E+00
-2.122903,0.00E+00,0.00E+00,0.00E+00,4.70E-02,0.00E+00,0.00E+00
-2.120602,0.00E+00,0.00E+00,0.00E+00,4.73E-02,0.00E+00,0.00E+00
-2.118301,0.00E+00,0.00E+00,0.00E+00,4.77E-02,0.00E+00,0.00E+00
-2.116,0.00E+00,0.00E+00,0.00E+00,4.80E-02,0.00E+00,0.00E+00
-2.113699,0.00E+00,0.00E+00,0.00E+00,4.84E-02,0.00E+00,0.00E+00
-2.111397,0.00E+00,0.00E+00,0.00E+00,4.87E-02,0.00E+00,0.00E+00
-2.109096,0.00E+00,0.00E+00,0.00E+00,4.90E-02,0.00E+00,0.00E+00
-2.106795,0.00E+00,0.00E+00,0.00E+00,4.94E-02,0.00E+00,0.00E+00
-2.104494,0.00E+00,0.00E+00,0.00E+00,4.97E-02,0.00E+00,0.00E+00
-2.102193,0.00E+00,0.00E+00,0.00E+00,5.01E-02,0.00E+00,0.00E+00
-2.099892,0.00E+00,0.00E+00,0.00E+00,5.05E-02,0.00E+00,0.00E+00
-2.097591,0.00E+00,0.00E+00,0.00E+00,5.08E-02,0.00E+00,0.00E+00
-2.09529,0.00E+00,0.00E+00,0.00E+00,5.12E-02,0.00E+00,0.00E+00
-2.092989,0.00E+00,0.00E+00,0.00E+00,5.15E-02,0.00E+00,0.00E+00
-2.090688,0.00E+00,0.00E+00,0.00E+00,5.19E-02,0.00E+00,0.00E+00
-2.088387,0.00E+00,0.00E+00,0.00E+00,5.23E-02,0.00E+00,0.00E+00
-2.086086,0.00E+00,0.00E+00,0.00E+00,5.26E-02,0.00E+00,0.00E+00
-2.083785,0.00E+00,0.00E+00,0.00E+00,5.30E-02,0.00E+00,0.00E+00
-2.081484,0.00E+00,0.00E+00,0.00E+00,5.34E-02,0.00E+00,0.00E+00
-2.079183,0.00E+00,0.00E+00,0.00E+00,5.37E-02,0.00E+00,0.00E+00
-2.076882,0.00E+00,0.00E+00,0.00E+00,5.41E-02,0.00E+00,0.00E+00
-2.074581,0.00E+00,0.00E+00,0.00E+00,5.45E-02,0.00E+00,0.00E+00
-2.07228,0.00E+00,0.00E+00,0.00E+00,5.48E-02,0.00E+00,0.00E+00
-2.069979,0.00E+00,0.00E+00,0.00E+00,5.52E-02,0.00E+00,0.00E+00
-2.067678,0.00E+00,0.00E+00,0.00E+00,5.56E-02,0.00E+00,0.00E+00
-2.065377,0.00E+00,0.00E+00,0.00E+00,5.60E-02,0.00E+00,0.00E+00
-2.063076,0.00E+00,0.00E+00,0.00E+00,5.64E-02,0.00E+00,0.00E+00
-2.060775,0.00E+00,0.00E+00,0.00E+00,5.67E-02,0.00E+00,0.00E+00
-2.058474,0.00E+00,0.00E+00,0.00E+00,5.71E-02,0.00E+00,0.00E+00
-2.056173,0.00E+00,0.00E+00,0.00E+00,5.75E-02,0.00E+00,0.00E+00
-2.053872,0.00E+00,0.00E+00,0.00E+00,5.79E-02,0.00E+00,0.00E+00
-2.051571,0.00E+00,0.00E+00,0.00E+00,5.83E-02,0.00E+00,0.00E+00
-2.04927,0.00E+00,0.00E+00,0.00E+00,5.87E-02,0.00E+00,0.00E+00
-2.046969,0.00E+00,0.00E+00,0.00E+00,5.91E-02,0.00E+00,0.00E+00
-2.044668,0.00E+00,0.00E+00,0.00E+00,5.95E-02,0.00E+00,0.00E+00
-2.042367,0.00E+00,0.00E+00,0.00E+00,5.99E-02,0.00E+00,0.00E+00
-2.040066,0.00E+00,0.00E+00,0.00E+00,6.03E-02,0.00E+00,0.00E+00
-2.037765,0.00E+00,0.00E+00,0.00E+00,6.07E-02,0.00E+00,0.00E+00
-2.035463,0.00E+00,0.00E+00,0.00E+00,6.11E-02,0.00E+00,0.00E+00
-2.033162,0.00E+00,0.00E+00,0.00E+00,6.15E-02,0.00E+00,0.00E+00
-2.030861,0.00E+00,0.00E+00,0.00E+00,6.19E-02,0.00E+00,0.00E+00
-2.02856,0.00E+00,0.00E+00,0.00E+00,6.23E-02,0.00E+00,0.00E+00
-2.026259,0.00E+00,0.00E+00,0.00E+00,6.27E-02,0.00E+00,0.00E+00
-2.023958,0.00E+00,0.00E+00,0.00E+00,6.32E-02,0.00E+00,0.00E+00
-2.021657,0.00E+00,0.00E+00,0.00E+00,6.36E-02,0.00E+00,0.00E+00
-2.019356,0.00E+00,0.00E+00,0.00E+00,6.40E-02,0.00E+00,0.00E+00
-2.017055,0.00E+00,0.00E+00,0.00E+00,6.44E-02,0.00E+00,0.00E+00
-2.014754,0.00E+00,0.00E+00,0.00E+00,6.49E-02,0.00E+00,0.00E+00
-2.012453,0.00E+00,0.00E+00,0.00E+00,6.53E-02,0.00E+00,0.00E+00
-2.010152,0.00E+00,0.00E+00,0.00E+00,6.57E-02,0.00E+00,0.00E+00
-2.007851,0.00E+00,0.00E+00,0.00E+00,6.62E-02,0.00E+00,0.00E+00
-2.00555,0.00E+00,0.00E+00,0.00E+00,6.66E-02,0.00E+00,0.00E+00
-2.003249,0.00E+00,0.00E+00,0.00E+00,6.70E-02,0.00E+00,0.00E+00
-2.000948,0.00E+00,0.00E+00,0.00E+00,6.75E-02,0.00E+00,0.00E+00
-1.998647,0.00E+00,0.00E+00,0.00E+00,6.79E-02,0.00E+00,0.00E+00
-1.996346,0.00E+00,0.00E+00,0.00E+00,6.83E-02,0.00E+00,0.00E+00
-1.994045,0.00E+00,0.00E+00,0.00E+00,6.88E-02,0.00E+00,0.00E+00
-1.991744,0.00E+00,0.00E+00,0.00E+00,6.92E-02,0.00E+00,0.00E+00
-1.989443,0.00E+00,0.00E+00,0.00E+00,6.97E-02,0.00E+00,0.00E+00
-1.987142,0.00E+00,0.00E+00,0.00E+00,7.01E-02,0.00E+00,0.00E+00
-1.984841,0.00E+00,0.00E+00,0.00E+00,7.06E-02,0.00E+00,0.00E+00
-1.98254,0.00E+00,0.00E+00,0.00E+00,7.10E-02,0.00E+00,0.00E+00
-1.980239,0.00E+00,0.00E+00,0.00E+00,7.15E-02,0.00E+00,0.00E+00
-1.977938,0.00E+00,0.00E+00,0.00E+00,7.19E-02,0.00E+00,0.00E+00
-1.975637,0.00E+00,0.00E+00,0.00E+00,7.23E-02,0.00E+00,0.00E+00
-1.973336,0.00E+00,0.00E+00,0.00E+00,7.28E-02,0.00E+00,0.00E+00
-1.971035,0.00E+00,0.00E+00,0.00E+00,7.32E-02,0.00E+00,0.00E+00
-1.968734,0.00E+00,0.00E+00,0.00E+00,7.37E-02,0.00E+00,0.00E+00
-1.966433,0.00E+00,0.00E+00,0.00E+00,7.41E-02,0.00E+00,0.00E+00
-1.964132,0.00E+00,0.00E+00,0.00E+00,7.46E-02,0.00E+00,0.00E+00
-1.961831,0.00E+00,0.00E+00,0.00E+00,7.50E-02,0.00E+00,0.00E+00
-1.95953,0.00E+00,0.00E+00,0.00E+00,7.55E-02,0.00E+00,0.00E+00
-1.957228,0.00E+00,0.00E+00,0.00E+00,7.59E-02,0.00E+00,0.00E+00
-1.954927,0.00E+00,0.00E+00,0.00E+00,7.63E-02,0.00E+00,0.00E+00
-1.952626,0.00E+00,0.00E+00,0.00E+00,7.68E-02,0.00E+00,0.00E+00
-1.950325,0.00E+00,0.00E+00,0.00E+00,7.72E-02,0.00E+00,0.00E+00
-1.948024,0.00E+00,0.00E+00,0.00E+00,7.77E-02,0.00E+00,0.00E+00
-1.945723,0.00E+00,0.00E+00,0.00E+00,7.81E-02,0.00E+00,0.00E+00
-1.943422,0.00E+00,0.00E+00,0.00E+00,7.85E-02,0.00E+00,0.00E+00
-1.941121,0.00E+00,0.00E+00,0.00E+00,7.90E-02,0.00E+00,0.00E+00
-1.93882,0.00E+00,0.00E+00,0.00E+00,7.94E-02,0.00E+00,0.00E+00
-1.936519,0.00E+00,0.00E+00,0.00E+00,7.99E-02,0.00E+00,0.00E+00
-1.934218,0.00E+00,0.00E+00,0.00E+00,8.03E-02,0.00E+00,0.00E+00
-1.931917,0.00E+00,0.00E+00,0.00E+00,8.08E-02,0.00E+00,0.00E+00
-1.929616,0.00E+00,0.00E+00,0.00E+00,8.12E-02,0.00E+00,0.00E+00
-1.927315,0.00E+00,0.00E+00,0.00E+00,8.17E-02,0.00E+00,0.00E+00
-1.925014,0.00E+00,0.00E+00,0.00E+00,8.22E-02,0.00E+00,0.00E+00
-1.922713,0.00E+00,0.00E+00,0.00E+00,8.26E-02,0.00E+00,0.00E+00
-1.920412,0.00E+00,0.00E+00,0.00E+00,8.31E-02,0.00E+00,0.00E+00
-1.918111,0.00E+00,0.00E+00,0.00E+00,8.36E-02,0.00E+00,0.00E+00
-1.91581,0.00E+00,0.00E+00,0.00E+00,8.41E-02,0.00E+00,0.00E+00
-1.913509,0.00E+00,0.00E+00,0.00E+00,8.46E-02,0.00E+00,0.00E+00
-1.911208,0.00E+00,0.00E+00,0.00E+00,8.51E-02,0.00E+00,0.00E+00
-1.908907,0.00E+00,0.00E+00,0.00E+00,8.56E-02,0.00E+00,0.00E+00
-1.906606,0.00E+00,0.00E+00,0.00E+00,8.62E-02,0.00E+00,0.00E+00
-1.904305,0.00E+00,0.00E+00,0.00E+00,8.67E-02,0.00E+00,0.00E+00
-1.902004,0.00E+00,0.00E+00,0.00E+00,8.73E-02,0.00E+00,0.00E+00
-1.899703,0.00E+00,0.00E+00,0.00E+00,8.78E-02,0.00E+00,0.00E+00
-1.897402,0.00E+00,0.00E+00,0.00E+00,8.84E-02,0.00E+00,0.00E+00
-1.895101,0.00E+00,0.00E+00,0.00E+00,8.90E-02,0.00E+00,0.00E+00
-1.8928,0.00E+00,0.00E+00,0.00E+00,8.95E-02,0.00E+00,0.00E+00
-1.890499,0.00E+00,0.00E+00,0.00E+00,9.01E-02,0.00E+00,0.00E+00
-1.888198,0.00E+00,0.00E+00,0.00E+00,9.07E-02,0.00E+00,0.00E+00
-1.885897,0.00E+00,0.00E+00,0.00E+00,9.13E-02,0.00E+00,0.00E+00
-1.883596,0.00E+00,0.00E+00,0.00E+00,9.19E-02,0.00E+00,0.00E+00
-1.881294,0.00E+00,0.00E+00,0.00E+00,9.25E-02,0.00E+00,0.00E+00
-1.878993,0.00E+00,0.00E+00,0.00E+00,9.31E-02,0.00E+00,0.00E+00
-1.876692,0.00E+00,0.00E+00,0.00E+00,9.37E-02,0.00E+00,0.00E+00
-1.874391,0.00E+00,0.00E+00,0.00E+00,9.42E-02,0.00E+00,0.00E+00
-1.87209,0.00E+00,0.00E+00,0.00E+00,9.48E-02,0.00E+00,0.00E+00
-1.869789,0.00E+00,0.00E+00,0.00E+00,9.54E-02,0.00E+00,0.00E+00
-1.867488,0.00E+00,0.00E+00,0.00E+00,9.60E-02,0.00E+00,0.00E+00
-1.865187,0.00E+00,0.00E+00,0.00E+00,9.66E-02,0.00E+00,0.00E+00
-1.862886,0.00E+00,0.00E+00,0.00E+00,9.72E-02,0.00E+00,0.00E+00
-1.860585,0.00E+00,0.00E+00,0.00E+00,9.78E-02,0.00E+00,0.00E+00
-1.858284,0.00E+00,0.00E+00,0.00E+00,9.83E-02,0.00E+00,0.00E+00
-1.855983,0.00E+00,0.00E+00,0.00E+00,9.89E-02,0.00E+00,0.00E+00
-1.853682,0.00E+00,0.00E+00,0.00E+00,9.95E-02,0.00E+00,0.00E+00
-1.851381,0.00E+00,0.00E+00,0.00E+00,1.00E-01,0.00E+00,0.00E+00
-1.84908,0.00E+00,0.00E+00,0.00E+00,1.01E-01,0.00E+00,0.00E+00
-1.846779,0.00E+00,0.00E+00,0.00E+00,1.01E-01,0.00E+00,0.00E+00
-1.844478,0.00E+00,0.00E+00,0.00E+00,1.02E-01,0.00E+00,0.00E+00
-1.842177,0.00E+00,0.00E+00,0.00E+00,1.02E-01,0.00E+00,0.00E+00
-1.839876,0.00E+00,0.00E+00,0.00E+00,1.03E-01,0.00E+00,0.00E+00
-1.837575,0.00E+00,0.00E+00,0.00E+00,1.03E-01,0.00E+00,0.00E+00
-1.835274,0.00E+00,0.00E+00,0.00E+00,1.04E-01,0.00E+00,0.00E+00
-1.832973,0.00E+00,0.00E+00,0.00E+00,1.05E-01,0.00E+00,0.00E+00
-1.830672,0.00E+00,0.00E+00,0.00E+00,1.05E-01,0.00E+00,0.00E+00
-1.828371,0.00E+00,0.00E+00,0.00E+00,1.06E-01,0.00E+00,0.00E+00
-1.82607,0.00E+00,0.00E+00,0.00E+00,1.06E-01,0.00E+00,0.00E+00
-1.823769,0.00E+00,0.00E+00,0.00E+00,1.07E-01,0.00E+00,0.00E+00
-1.821468,0.00E+00,0.00E+00,0.00E+00,1.07E-01,0.00E+00,0.00E+00
-1.819167,0.00E+00,0.00E+00,0.00E+00,1.08E-01,0.00E+00,0.00E+00
-1.816866,0.00E+00,0.00E+00,0.00E+00,1.09E-01,0.00E+00,0.00E+00
-1.814565,0.00E+00,0.00E+00,0.00E+00,1.09E-01,0.00E+00,0.00E+00
-1.812264,0.00E+00,0.00E+00,0.00E+00,1.10E-01,0.00E+00,0.00E+00
-1.809963,0.00E+00,0.00E+00,0.00E+00,1.11E-01,0.00E+00,0.00E+00
-1.807662,0.00E+00,0.00E+00,0.00E+00,1.11E-01,0.00E+00,0.00E+00
-1.80536,0.00E+00,0.00E+00,0.00E+00,1.12E-01,0.00E+00,0.00E+00
-1.803059,0.00E+00,0.00E+00,0.00E+00,1.13E-01,0.00E+00,0.00E+00
-1.800758,0.00E+00,0.00E+00,0.00E+00,1.13E-01,0.00E+00,0.00E+00
-1.798457,0.00E+00,0.00E+00,0.00E+00,1.14E-01,0.00E+00,0.00E+00
-1.796156,0.00E+00,0.00E+00,0.00E+00,1.15E-01,0.00E+00,0.00E+00
-1.793855,0.00E+00,0.00E+00,0.00E+00,1.15E-01,0.00E+00,0.00E+00
-1.791554,0.00E+00,0.00E+00,0.00E+00,1.16E-01,0.00E+00,0.00E+00
-1.789253,0.00E+00,0.00E+00,0.00E+00,1.17E-01,0.00E+00,0.00E+00
-1.786952,0.00E+00,0.00E+00,0.00E+00,1.18E-01,0.00E+00,0.00E+00
-1.784651,0.00E+00,0.00E+00,0.00E+00,1.18E-01,0.00E+00,0.00E+00
-1.78235,0.00E+00,0.00E+00,0.00E+00,1.19E-01,0.00E+00,0.00E+00
-1.780049,0.00E+00,0.00E+00,0.00E+00,1.20E-01,0.00E+00,0.00E+00
-1.777748,0.00E+00,0.00E+00,0.00E+00,1.20E-01,0.00E+00,0.00E+00
-1.775447,0.00E+00,0.00E+00,0.00E+00,1.21E-01,0.00E+00,0.00E+00
-1.773146,0.00E+00,0.00E+00,0.00E+00,1.22E-01,0.00E+00,0.00E+00
-1.770845,0.00E+00,0.00E+00,0.00E+00,1.23E-01,0.00E+00,0.00E+00
-1.768544,0.00E+00,0.00E+00,0.00E+00,1.23E-01,0.00E+00,0.00E+00
-1.766243,0.00E+00,0.00E+00,0.00E+00,1.24E-01,0.00E+00,0.00E+00
-1.763942,0.00E+00,0.00E+00,0.00E+00,1.25E-01,0.00E+00,0.00E+00
-1.761641,0.00E+00,0.00E+00,0.00E+00,1.25E-01,0.00E+00,0.00E+00
-1.75934,0.00E+00,0.00E+00,0.00E+00,1.26E-01,0.00E+00,0.00E+00
-1.757039,0.00E+00,0.00E+00,0.00E+00,1.27E-01,0.00E+00,0.00E+00
-1.754738,0.00E+00,0.00E+00,0.00E+00,1.27E-01,0.00E+00,0.00E+00
-1.752437,0.00E+00,0.00E+00,0.00E+00,1.28E-01,0.00E+00,0.00E+00
-1.750136,0.00E+00,0.00E+00,0.00E+00,1.29E-01,0.00E+00,0.00E+00
-1.747835,0.00E+00,0.00E+00,0.00E+00,1.29E-01,0.00E+00,0.00E+00
-1.745534,0.00E+00,0.00E+00,0.00E+00,1.30E-01,0.00E+00,0.00E+00
-1.743233,0.00E+00,0.00E+00,0.00E+00,1.31E-01,0.00E+00,0.00E+00
-1.740932,0.00E+00,0.00E+00,0.00E+00,1.31E-01,0.00E+00,0.00E+00
-1.738631,0.00E+00,0.00E+00,0.00E+00,1.32E-01,0.00E+00,0.00E+00
-1.73633,0.00E+00,0.00E+00,0.00E+00,1.33E-01,0.00E+00,0.00E+00
-1.734029,0.00E+00,0.00E+00,0.00E+00,1.34E-01,0.00E+00,0.00E+00
-1.731728,0.00E+00,0.00E+00,0.00E+00,1.34E-01,0.00E+00,0.00E+00
-1.729427,0.00E+00,0.00E+00,0.00E+00,1.35E-01,0.00E+00,0.00E+00
-1.727125,0.00E+00,0.00E+00,0.00E+00,1.36E-01,0.00E+00,0.00E+00
-1.724824,0.00E+00,0.00E+00,0.00E+00,1.36E-01,0.00E+00,0.00E+00
-1.722523,0.00E+00,0.00E+00,0.00E+00,1.37E-01,0.00E+00,0.00E+00
-1.720222,0.00E+00,0.00E+00,0.00E+00,1.38E-01,0.00E+00,0.00E+00
-1.717921,0.00E+00,0.00E+00,0.00E+00,1.38E-01,0.00E+00,0.00E+00
-1.71562,0.00E+00,0.00E+00,0.00E+00,1.39E-01,0.00E+00,0.00E+00
-1.713319,0.00E+00,0.00E+00,0.00E+00,1.40E-01,0.00E+00,0.00E+00
-1.711018,0.00E+00,0.00E+00,0.00E+00,1.41E-01,0.00E+00,0.00E+00
-1.708717,0.00E+00,0.00E+00,0.00E+00,1.41E-01,0.00E+00,0.00E+00
-1.706416,0.00E+00,0.00E+00,0.00E+00,1.42E-01,0.00E+00,0.00E+00
-1.704115,0.00E+00,0.00E+00,0.00E+00,1.43E-01,0.00E+00,0.00E+00
-1.701814,0.00E+00,0.00E+00,0.00E+00,1.43E-01,0.00E+00,0.00E+00
-1.699513,0.00E+00,0.00E+00,0.00E+00,1.44E-01,0.00E+00,0.00E+00
-1.697212,0.00E+00,0.00E+00,0.00E+00,1.45E-01,0.00E+00,0.00E+00
-1.694911,0.00E+00,0.00E+00,0.00E+00,1.46E-01,0.00E+00,0.00E+00
-1.69261,0.00E+00,0.00E+00,0.00E+00,1.46E-01,0.00E+00,0.00E+00
-1.690309,0.00E+00,0.00E+00,0.00E+00,1.47E-01,0.00E+00,0.00E+00
-1.688008,0.00E+00,0.00E+00,0.00E+00,1.48E-01,0.00E+00,0.00E+00
-1.685707,0.00E+00,0.00E+00,0.00E+00,1.49E-01,0.00E+00,0.00E+00
-1.683406,0.00E+00,0.00E+00,0.00E+00,1.49E-01,0.00E+00,0.00E+00
-1.681105,0.00E+00,0.00E+00,0.00E+00,1.50E-01,0.00E+00,0.00E+00
-1.678804,0.00E+00,0.00E+00,0.00E+00,1.51E-01,0.00E+00,0.00E+00
-1.676503,0.00E+00,0.00E+00,0.00E+00,1.52E-01,0.00E+00,0.00E+00
-1.674202,0.00E+00,0.00E+00,0.00E+00,1.53E-01,0.00E+00,0.00E+00
-1.671901,0.00E+00,0.00E+00,0.00E+00,1.53E-01,0.00E+00,0.00E+00
-1.6696,0.00E+00,0.00E+00,0.00E+00,1.54E-01,0.00E+00,0.00E+00
-1.667299,0.00E+00,0.00E+00,0.00E+00,1.55E-01,0.00E+00,0.00E+00
-1.664998,0.00E+00,0.00E+00,0.00E+00,1.56E-01,0.00E+00,0.00E+00
-1.662697,0.00E+00,0.00E+00,0.00E+00,1.57E-01,0.00E+00,0.00E+00
-1.660396,0.00E+00,0.00E+00,0.00E+00,1.58E-01,0.00E+00,0.00E+00
-1.658095,0.00E+00,0.00E+00,0.00E+00,1.58E-01,0.00E+00,0.00E+00
-1.655794,0.00E+00,0.00E+00,0.00E+00,1.59E-01,0.00E+00,0.00E+00
-1.653493,0.00E+00,0.00E+00,0.00E+00,1.60E-01,0.00E+00,0.00E+00
-1.651191,0.00E+00,0.00E+00,0.00E+00,1.61E-01,0.00E+00,0.00E+00
-1.64889,0.00E+00,0.00E+00,0.00E+00,1.62E-01,0.00E+00,0.00E+00
-1.646589,0.00E+00,0.00E+00,0.00E+00,1.63E-01,0.00E+00,0.00E+00
-1.644288,0.00E+00,0.00E+00,0.00E+00,1.64E-01,0.00E+00,0.00E+00
-1.641987,0.00E+00,0.00E+00,0.00E+00,1.64E-01,0.00E+00,0.00E+00
-1.639686,0.00E+00,0.00E+00,0.00E+00,1.65E-01,0.00E+00,0.00E+00
-1.637385,0.00E+00,0.00E+00,0.00E+00,1.66E-01,0.00E+00,0.00E+00
-1.635084,0.00E+00,0.00E+00,0.00E+00,1.67E-01,0.00E+00,0.00E+00
-1.632783,0.00E+00,0.00E+00,0.00E+00,1.68E-01,0.00E+00,0.00E+00
-1.630482,0.00E+00,0.00E+00,0.00E+00,1.69E-01,0.00E+00,0.00E+00
-1.628181,0.00E+00,0.00E+00,0.00E+00,1.70E-01,0.00E+00,0.00E+00
-1.62588,0.00E+00,0.00E+00,0.00E+00,1.70E-01,0.00E+00,0.00E+00
-1.623579,0.00E+00,0.00E+00,0.00E+00,1.71E-01,0.00E+00,0.00E+00
-1.621278,0.00E+00,0.00E+00,0.00E+00,1.72E-01,0.00E+00,0.00E+00
-1.618977,0.00E+00,0.00E+00,0.00E+00,1.73E-01,0.00E+00,0.00E+00
-1.616676,0.00E+00,0.00E+00,0.00E+00,1.74E-01,0.00E+00,0.00E+00
-1.614375,0.00E+00,0.00E+00,0.00E+00,1.74E-01,0.00E+00,0.00E+00
-1.612074,0.00E+00,0.00E+00,0.00E+00,1.75E-01,0.00E+00,0.00E+00
-1.609773,0.00E+00,0.00E+00,0.00E+00,1.76E-01,0.00E+00,0.00E+00
-1.607472,0.00E+00,0.00E+00,0.00E+00,1.77E-01,0.00E+00,0.00E+00
-1.605171,0.00E+00,0.00E+00,0.00E+00,1.78E-01,0.00E+00,0.00E+00
-1.60287,0.00E+00,0.00E+00,0.00E+00,1.79E-01,0.00E+00,0.00E+00
-1.600569,0.00E+00,0.00E+00,0.00E+00,1.79E-01,0.00E+00,0.00E+00
-1.598268,0.00E+00,0.00E+00,0.00E+00,1.80E-01,0.00E+00,0.00E+00
-1.595967,0.00E+00,0.00E+00,0.00E+00,1.81E-01,0.00E+00,0.00E+00
-1.593666,0.00E+00,0.00E+00,0.00E+00,1.82E-01,0.00E+00,0.00E+00
-1.591365,0.00E+00,0.00E+00,0.00E+00,1.83E-01,0.00E+00,0.00E+00
-1.589064,0.00E+00,0.00E+00,0.00E+00,1.84E-01,0.00E+00,0.00E+00
-1.586763,0.00E+00,0.00E+00,0.00E+00,1.84E-01,0.00E+00,0.00E+00
-1.584462,0.00E+00,0.00E+00,0.00E+00,1.85E-01,0.00E+00,0.00E+00
-1.582161,0.00E+00,0.00E+00,0.00E+00,1.86E-01,0.00E+00,0.00E+00
-1.57986,0.00E+00,0.00E+00,0.00E+00,1.87E-01,0.00E+00,0.00E+00
-1.577559,0.00E+00,0.00E+00,0.00E+00,1.88E-01,0.00E+00,0.00E+00
-1.575257,0.00E+00,0.00E+00,0.00E+00,1.89E-01,0.00E+00,0.00E+00
-1.572956,0.00E+00,0.00E+00,0.00E+00,1.90E-01,0.00E+00,0.00E+00
-1.570655,0.00E+00,0.00E+00,0.00E+00,1.91E-01,0.00E+00,0.00E+00
-1.568354,0.00E+00,0.00E+00,0.00E+00,1.91E-01,0.00E+00,0.00E+00
-1.566053,0.00E+00,0.00E+00,0.00E+00,1.92E-01,0.00E+00,0.00E+00
-1.563752,0.00E+00,0.00E+00,0.00E+00,1.93E-01,0.00E+00,0.00E+00
-1.561451,0.00E+00,0.00E+00,0.00E+00,1.94E-01,0.00E+00,0.00E+00
-1.55915,0.00E+00,0.00E+00,0.00E+00,1.95E-01,0.00E+00,0.00E+00
-1.556849,0.00E+00,0.00E+00,0.00E+00,1.96E-01,0.00E+00,0.00E+00
-1.554548,0.00E+00,0.00E+00,0.00E+00,1.97E-01,0.00E+00,0.00E+00
-1.552247,0.00E+00,0.00E+00,0.00E+00,1.98E-01,0.00E+00,0.00E+00
-1.549946,0.00E+00,0.00E+00,0.00E+00,1.99E-01,0.00E+00,0.00E+00
-1.547645,0.00E+00,0.00E+00,0.00E+00,2.00E-01,0.00E+00,0.00E+00
-1.545344,0.00E+00,0.00E+00,0.00E+00,2.01E-01,0.00E+00,0.00E+00
-1.543043,0.00E+00,0.00E+00,0.00E+00,2.02E-01,0.00E+00,0.00E+00
-1.540742,0.00E+00,0.00E+00,0.00E+00,2.03E-01,0.00E+00,0.00E+00
-1.538441,0.00E+00,0.00E+00,0.00E+00,2.04E-01,0.00E+00,0.00E+00
-1.53614,0.00E+00,0.00E+00,0.00E+00,2.05E-01,0.00E+00,0.00E+00
-1.533839,0.00E+00,0.00E+00,0.00E+00,2.06E-01,0.00E+00,0.00E+00
-1.531538,0.00E+00,0.00E+00,0.00E+00,2.07E-01,0.00E+00,0.00E+00
-1.529237,0.00E+00,0.00E+00,0.00E+00,2.08E-01,0.00E+00,0.00E+00
-1.526936,0.00E+00,0.00E+00,0.00E+00,2.09E-01,0.00E+00,0.00E+00
-1.524635,0.00E+00,0.00E+00,0.00E+00,2.10E-01,0.00E+00,0.00E+00
-1.522334,0.00E+00,0.00E+00,0.00E+00,2.11E-01,0.00E+00,0.00E+00
-1.520033,0.00E+00,0.00E+00,0.00E+00,2.12E-01,0.00E+00,0.00E+00
-1.517732,0.00E+00,0.00E+00,0.00E+00,2.13E-01,0.00E+00,0.00E+00
-1.515431,0.00E+00,0.00E+00,0.00E+00,2.14E-01,0.00E+00,0.00E+00
-1.51313,0.00E+00,0.00E+00,0.00E+00,2.15E-01,0.00E+00,0.00E+00
-1.510829,0.00E+00,0.00E+00,0.00E+00,2.16E-01,0.00E+00,0.00E+00
-1.508528,0.00E+00,0.00E+00,0.00E+00,2.16E-01,0.00E+00,0.00E+00
-1.506227,0.00E+00,0.00E+00,0.00E+00,2.17E-01,0.00E+00,0.00E+00
-1.503926,0.00E+00,0.00E+00,0.00E+00,2.18E-01,0.00E+00,0.00E+00
-1.501625,0.00E+00,0.00E+00,0.00E+00,2.19E-01,0.00E+00,0.00E+00
-1.499324,0.00E+00,0.00E+00,0.00E+00,2.20E-01,0.00E+00,0.00E+00
-1.497022,0.00E+00,0.00E+00,0.00E+00,2.21E-01,0.00E+00,0.00E+00
-1.494721,0.00E+00,0.00E+00,0.00E+00,2.22E-01,0.00E+00,0.00E+00
-1.49242,0.00E+00,0.00E+00,0.00E+00,2.23E-01,0.00E+00,0.00E+00
-1.490119,0.00E+00,0.00E+00,0.00E+00,2.24E-01,0.00E+00,0.00E+00
-1.487818,0.00E+00,0.00E+00,0.00E+00,2.25E-01,0.00E+00,0.00E+00
-1.485517,0.00E+00,0.00E+00,0.00E+00,2.26E-01,0.00E+00,0.00E+00
-1.483216,0.00E+00,0.00E+00,0.00E+00,2.27E-01,0.00E+00,0.00E+00
-1.480915,0.00E+00,0.00E+00,0.00E+00,2.28E-01,0.00E+00,0.00E+00
-1.478614,0.00E+00,0.00E+00,0.00E+00,2.29E-01,0.00E+00,0.00E+00
-1.476313,0.00E+00,0.00E+00,0.00E+00,2.30E-01,0.00E+00,0.00E+00
-1.474012,0.00E+00,0.00E+00,0.00E+00,2.31E-01,0.00E+00,0.00E+00
-1.471711,0.00E+00,0.00E+00,0.00E+00,2.32E-01,0.00E+00,0.00E+00
-1.46941,0.00E+00,0.00E+00,0.00E+00,2.33E-01,0.00E+00,0.00E+00
-1.467109,0.00E+00,0.00E+00,0.00E+00,2.34E-01,0.00E+00,0.00E+00
-1.464808,0.00E+00,0.00E+00,0.00E+00,2.35E-01,0.00E+00,0.00E+00
-1.462507,0.00E+00,0.00E+00,0.00E+00,2.36E-01,0.00E+00,0.00E+00
-1.460206,0.00E+00,0.00E+00,0.00E+00,2.37E-01,0.00E+00,0.00E+00
-1.457905,0.00E+00,0.00E+00,0.00E+00,2.39E-01,0.00E+00,0.00E+00
-1.455604,0.00E+00,0.00E+00,0.00E+00,2.40E-01,0.00E+00,0.00E+00
-1.453303,0.00E+00,0.00E+00,0.00E+00,2.41E-01,0.00E+00,0.00E+00
-1.451002,0.00E+00,0.00E+00,0.00E+00,2.42E-01,0.00E+00,0.00E+00
-1.448701,0.00E+00,0.00E+00,0.00E+00,2.43E-01,0.00E+00,0.00E+00
-1.4464,0.00E+00,0.00E+00,0.00E+00,2.44E-01,0.00E+00,0.00E+00
-1.444099,0.00E+00,0.00E+00,0.00E+00,2.45E-01,0.00E+00,0.00E+00
-1.441798,0.00E+00,0.00E+00,0.00E+00,2.46E-01,0.00E+00,0.00E+00
-1.439497,0.00E+00,0.00E+00,0.00E+00,2.47E-01,0.00E+00,0.00E+00
-1.437196,0.00E+00,0.00E+00,0.00E+00,2.48E-01,0.00E+00,0.00E+00
-1.434895,0.00E+00,0.00E+00,0.00E+00,2.49E-01,0.00E+00,0.00E+00
-1.432594,0.00E+00,0.00E+00,0.00E+00,2.50E-01,0.00E+00,0.00E+00
-1.430293,0.00E+00,0.00E+00,0.00E+00,2.51E-01,0.00E+00,0.00E+00
-1.427992,0.00E+00,0.00E+00,0.00E+00,2.52E-01,0.00E+00,0.00E+00
-1.425691,0.00E+00,0.00E+00,0.00E+00,2.53E-01,0.00E+00,0.00E+00
-1.42339,0.00E+00,0.00E+00,0.00E+00,2.54E-01,0.00E+00,0.00E+00
-1.421088,0.00E+00,0.00E+00,0.00E+00,2.55E-01,0.00E+00,0.00E+00
-1.418787,0.00E+00,0.00E+00,0.00E+00,2.56E-01,0.00E+00,0.00E+00
-1.416486,0.00E+00,0.00E+00,0.00E+00,2.57E-01,0.00E+00,0.00E+00
-1.414185,0.00E+00,0.00E+00,0.00E+00,2.58E-01,0.00E+00,0.00E+00
-1.411884,0.00E+00,0.00E+00,0.00E+00,2.59E-01,0.00E+00,0.00E+00
-1.409583,0.00E+00,0.00E+00,0.00E+00,2.60E-01,0.00E+00,0.00E+00
-1.407282,0.00E+00,0.00E+00,0.00E+00,2.61E-01,0.00E+00,0.00E+00
-1.404981,0.00E+00,0.00E+00,0.00E+00,2.62E-01,0.00E+00,0.00E+00
-1.40268,0.00E+00,0.00E+00,0.00E+00,2.63E-01,0.00E+00,0.00E+00
-1.400379,0.00E+00,0.00E+00,0.00E+00,2.64E-01,0.00E+00,0.00E+00
-1.398078,0.00E+00,0.00E+00,0.00E+00,2.65E-01,0.00E+00,0.00E+00
-1.395777,0.00E+00,0.00E+00,0.00E+00,2.66E-01,0.00E+00,0.00E+00
-1.393476,0.00E+00,0.00E+00,0.00E+00,2.67E-01,0.00E+00,0.00E+00
-1.391175,0.00E+00,0.00E+00,0.00E+00,2.68E-01,0.00E+00,0.00E+00
-1.388874,0.00E+00,0.00E+00,0.00E+00,2.69E-01,0.00E+00,0.00E+00
-1.386573,0.00E+00,0.00E+00,0.00E+00,2.70E-01,0.00E+00,0.00E+00
-1.384272,0.00E+00,0.00E+00,0.00E+00,2.71E-01,0.00E+00,0.00E+00
-1.381971,0.00E+00,0.00E+00,0.00E+00,2.72E-01,0.00E+00,0.00E+00
-1.37967,0.00E+00,0.00E+00,0.00E+00,2.73E-01,0.00E+00,0.00E+00
-1.377369,0.00E+00,0.00E+00,0.00E+00,2.74E-01,0.00E+00,0.00E+00
-1.375068,0.00E+00,0.00E+00,0.00E+00,2.75E-01,0.00E+00,0.00E+00
-1.372767,0.00E+00,0.00E+00,0.00E+00,2.76E-01,0.00E+00,0.00E+00
-1.370466,0.00E+00,0.00E+00,0.00E+00,2.77E-01,0.00E+00,0.00E+00
-1.368165,0.00E+00,0.00E+00,0.00E+00,2.78E-01,0.00E+00,0.00E+00
-1.365864,0.00E+00,0.00E+00,0.00E+00,2.79E-01,0.00E+00,0.00E+00
-1.363563,0.00E+00,0.00E+00,0.00E+00,2.81E-01,0.00E+00,0.00E+00
-1.361262,0.00E+00,0.00E+00,0.00E+00,2.82E-01,0.00E+00,0.00E+00
-1.358961,0.00E+00,0.00E+00,0.00E+00,2.83E-01,0.00E+00,0.00E+00
-1.35666,0.00E+00,0.00E+00,0.00E+00,2.84E-01,0.00E+00,0.00E+00
-1.354359,0.00E+00,0.00E+00,0.00E+00,2.85E-01,0.00E+00,0.00E+00
-1.352058,0.00E+00,0.00E+00,0.00E+00,2.86E-01,0.00E+00,0.00E+00
-1.349757,0.00E+00,0.00E+00,0.00E+00,2.88E-01,0.00E+00,0.00E+00
-1.347456,0.00E+00,0.00E+00,0.00E+00,2.89E-01,0.00E+00,0.00E+00
-1.345154,0.00E+00,0.00E+00,0.00E+00,2.90E-01,0.00E+00,0.00E+00
-1.342853,0.00E+00,0.00E+00,0.00E+00,2.91E-01,0.00E+00,0.00E+00
-1.340552,0.00E+00,0.00E+00,0.00E+00,2.93E-01,0.00E+00,0.00E+00
-1.338251,0.00E+00,0.00E+00,0.00E+00,2.94E-01,0.00E+00,0.00E+00
-1.33595,0.00E+00,0.00E+00,0.00E+00,2.95E-01,0.00E+00,0.00E+00
-1.333649,0.00E+00,0.00E+00,0.00E+00,2.96E-01,0.00E+00,0.00E+00
-1.331348,0.00E+00,0.00E+00,0.00E+00,2.97E-01,0.00E+00,0.00E+00
-1.329047,0.00E+00,0.00E+00,0.00E+00,2.99E-01,0.00E+00,0.00E+00
-1.326746,0.00E+00,0.00E+00,0.00E+00,3.00E-01,0.00E+00,0.00E+00
-1.324445,0.00E+00,0.00E+00,0.00E+00,3.01E-01,0.00E+00,0.00E+00
-1.322144,0.00E+00,0.00E+00,0.00E+00,3.02E-01,0.00E+00,0.00E+00
-1.319843,0.00E+00,0.00E+00,0.00E+00,3.03E-01,0.00E+00,0.00E+00
-1.317542,0.00E+00,0.00E+00,0.00E+00,3.05E-01,0.00E+00,0.00E+00
-1.315241,0.00E+00,0.00E+00,0.00E+00,3.06E-01,0.00E+00,0.00E+00
-1.31294,0.00E+00,0.00E+00,0.00E+00,3.07E-01,0.00E+00,0.00E+00
-1.310639,0.00E+00,0.00E+00,0.00E+00,3.08E-01,0.00E+00,0.00E+00
-1.308338,0.00E+00,0.00E+00,0.00E+00,3.09E-01,0.00E+00,0.00E+00
-1.306037,0.00E+00,0.00E+00,0.00E+00,3.10E-01,0.00E+00,0.00E+00
-1.303736,0.00E+00,0.00E+00,0.00E+00,3.12E-01,0.00E+00,0.00E+00
-1.301435,0.00E+00,0.00E+00,0.00E+00,3.13E-01,0.00E+00,0.00E+00
-1.299134,0.00E+00,0.00E+00,0.00E+00,3.14E-01,0.00E+00,0.00E+00
-1.296833,0.00E+00,0.00E+00,0.00E+00,3.15E-01,0.00E+00,0.00E+00
-1.294532,0.00E+00,0.00E+00,0.00E+00,3.16E-01,0.00E+00,0.00E+00
-1.292231,0.00E+00,0.00E+00,0.00E+00,3.17E-01,0.00E+00,0.00E+00
-1.28993,0.00E+00,0.00E+00,0.00E+00,3.18E-01,0.00E+00,0.00E+00
-1.287629,0.00E+00,0.00E+00,0.00E+00,3.19E-01,0.00E+00,0.00E+00
-1.285328,0.00E+00,0.00E+00,0.00E+00,3.20E-01,0.00E+00,0.00E+00
-1.283027,0.00E+00,0.00E+00,0.00E+00,3.22E-01,0.00E+00,0.00E+00
-1.280726,0.00E+00,0.00E+00,0.00E+00,3.23E-01,0.00E+00,0.00E+00
-1.278425,0.00E+00,0.00E+00,0.00E+00,3.24E-01,0.00E+00,0.00E+00
-1.276124,0.00E+00,0.00E+00,0.00E+00,3.25E-01,0.00E+00,0.00E+00
-1.273823,0.00E+00,0.00E+00,0.00E+00,3.26E-01,0.00E+00,0.00E+00
-1.271522,0.00E+00,0.00E+00,0.00E+00,3.27E-01,0.00E+00,0.00E+00
-1.269221,0.00E+00,0.00E+00,0.00E+00,3.28E-01,0.00E+00,0.00E+00
-1.266919,0.00E+00,0.00E+00,0.00E+00,3.29E-01,0.00E+00,0.00E+00
-1.264618,0.00E+00,0.00E+00,0.00E+00,3.30E-01,0.00E+00,0.00E+00
-1.262317,0.00E+00,0.00E+00,0.00E+00,3.31E-01,0.00E+00,0.00E+00
-1.260016,0.00E+00,0.00E+00,0.00E+00,3.33E-01,0.00E+00,0.00E+00
-1.257715,0.00E+00,0.00E+00,0.00E+00,3.34E-01,0.00E+00,0.00E+00
-1.255414,0.00E+00,0.00E+00,0.00E+00,3.35E-01,0.00E+00,0.00E+00
-1.253113,0.00E+00,0.00E+00,0.00E+00,3.36E-01,0.00E+00,0.00E+00
-1.250812,0.00E+00,0.00E+00,0.00E+00,3.37E-01,0.00E+00,0.00E+00
-1.248511,0.00E+00,0.00E+00,0.00E+00,3.38E-01,0.00E+00,0.00E+00
-1.24621,0.00E+00,0.00E+00,0.00E+00,3.39E-01,0.00E+00,0.00E+00
-1.243909,0.00E+00,0.00E+00,0.00E+00,3.40E-01,0.00E+00,0.00E+00
-1.241608,0.00E+00,0.00E+00,0.00E+00,3.41E-01,0.00E+00,0.00E+00
-1.239307,0.00E+00,0.00E+00,0.00E+00,3.43E-01,0.00E+00,0.00E+00
-1.237006,0.00E+00,0.00E+00,0.00E+00,3.44E-01,0.00E+00,0.00E+00
-1.234705,0.00E+00,0.00E+00,0.00E+00,3.45E-01,0.00E+00,0.00E+00
-1.232404,0.00E+00,0.00E+00,0.00E+00,3.46E-01,0.00E+00,0.00E+00
-1.230103,0.00E+00,0.00E+00,0.00E+00,3.47E-01,0.00E+00,0.00E+00
-1.227802,0.00E+00,0.00E+00,0.00E+00,3.48E-01,0.00E+00,0.00E+00
-1.225501,0.00E+00,0.00E+00,0.00E+00,3.49E-01,0.00E+00,0.00E+00
-1.2232,0.00E+00,0.00E+00,0.00E+00,3.50E-01,0.00E+00,0.00E+00
-1.220899,0.00E+00,0.00E+00,0.00E+00,3.51E-01,0.00E+00,0.00E+00
-1.218598,0.00E+00,0.00E+00,0.00E+00,3.52E-01,0.00E+00,0.00E+00
-1.216297,0.00E+00,0.00E+00,0.00E+00,3.54E-01,0.00E+00,0.00E+00
-1.213996,0.00E+00,0.00E+00,0.00E+00,3.55E-01,0.00E+00,0.00E+00
-1.211695,0.00E+00,0.00E+00,0.00E+00,3.56E-01,0.00E+00,0.00E+00
-1.209394,0.00E+00,0.00E+00,0.00E+00,3.57E-01,0.00E+00,0.00E+00
-1.207093,0.00E+00,0.00E+00,0.00E+00,3.58E-01,0.00E+00,0.00E+00
-1.204792,0.00E+00,0.00E+00,0.00E+00,3.59E-01,0.00E+00,0.00E+00
-1.202491,0.00E+00,0.00E+00,0.00E+00,3.60E-01,0.00E+00,0.00E+00
-1.20019,0.00E+00,0.00E+00,0.00E+00,3.61E-01,0.00E+00,0.00E+00
-1.197889,0.00E+00,0.00E+00,0.00E+00,3.62E-01,0.00E+00,0.00E+00
-1.195588,0.00E+00,0.00E+00,0.00E+00,3.64E-01,0.00E+00,0.00E+00
-1.193287,0.00E+00,0.00E+00,0.00E+00,3.65E-01,0.00E+00,0.00E+00
-1.190985,0.00E+00,0.00E+00,0.00E+00,3.66E-01,0.00E+00,0.00E+00
-1.188684,0.00E+00,0.00E+00,0.00E+00,3.67E-01,0.00E+00,0.00E+00
-1.186383,0.00E+00,0.00E+00,0.00E+00,3.68E-01,0.00E+00,0.00E+00
-1.184082,0.00E+00,0.00E+00,0.00E+00,3.69E-01,0.00E+00,0.00E+00
-1.181781,0.00E+00,0.00E+00,0.00E+00,3.70E-01,0.00E+00,0.00E+00
-1.17948,0.00E+00,0.00E+00,0.00E+00,3.71E-01,0.00E+00,0.00E+00
-1.177179,0.00E+00,0.00E+00,0.00E+00,3.72E-01,0.00E+00,0.00E+00
-1.174878,0.00E+00,0.00E+00,0.00E+00,3.74E-01,0.00E+00,0.00E+00
-1.172577,0.00E+00,0.00E+00,0.00E+00,3.75E-01,0.00E+00,0.00E+00
-1.170276,0.00E+00,0.00E+00,0.00E+00,3.76E-01,0.00E+00,0.00E+00
-1.167975,0.00E+00,0.00E+00,0.00E+00,3.77E-01,0.00E+00,0.00E+00
-1.165674,0.00E+00,0.00E+00,0.00E+00,3.78E-01,0.00E+00,0.00E+00
-1.163373,0.00E+00,0.00E+00,0.00E+00,3.79E-01,0.00E+00,0.00E+00
-1.161072,0.00E+00,0.00E+00,0.00E+00,3.80E-01,0.00E+00,0.00E+00
-1.158771,0.00E+00,0.00E+00,0.00E+00,3.81E-01,0.00E+00,0.00E+00
-1.15647,0.00E+00,0.00E+00,0.00E+00,3.83E-01,0.00E+00,0.00E+00
-1.154169,0.00E+00,0.00E+00,0.00E+00,3.84E-01,0.00E+00,0.00E+00
-1.151868,0.00E+00,0.00E+00,0.00E+00,3.85E-01,0.00E+00,0.00E+00
-1.149567,0.00E+00,0.00E+00,0.00E+00,3.86E-01,0.00E+00,0.00E+00
-1.147266,0.00E+00,0.00E+00,0.00E+00,3.87E-01,0.00E+00,0.00E+00
-1.144965,0.00E+00,0.00E+00,0.00E+00,3.88E-01,0.00E+00,0.00E+00
-1.142664,0.00E+00,0.00E+00,0.00E+00,3.89E-01,0.00E+00,0.00E+00
-1.140363,0.00E+00,0.00E+00,0.00E+00,3.90E-01,0.00E+00,0.00E+00
-1.138062,0.00E+00,0.00E+00,0.00E+00,3.92E-01,0.00E+00,0.00E+00
-1.135761,0.00E+00,0.00E+00,0.00E+00,3.93E-01,0.00E+00,0.00E+00
-1.13346,0.00E+00,0.00E+00,0.00E+00,3.94E-01,0.00E+00,0.00E+00
-1.131159,0.00E+00,0.00E+00,0.00E+00,3.95E-01,0.00E+00,0.00E+00
-1.128858,0.00E+00,0.00E+00,0.00E+00,3.96E-01,0.00E+00,0.00E+00
-1.126557,0.00E+00,0.00E+00,0.00E+00,3.97E-01,0.00E+00,0.00E+00
-1.124256,0.00E+00,0.00E+00,0.00E+00,3.98E-01,0.00E+00,0.00E+00
-1.121955,0.00E+00,0.00E+00,0.00E+00,3.99E-01,0.00E+00,0.00E+00
-1.119654,0.00E+00,0.00E+00,0.00E+00,4.00E-01,0.00E+00,0.00E+00
-1.117353,0.00E+00,0.00E+00,0.00E+00,4.01E-01,0.00E+00,0.00E+00
-1.115051,0.00E+00,0.00E+00,0.00E+00,4.03E-01,0.00E+00,0.00E+00
-1.11275,0.00E+00,0.00E+00,0.00E+00,4.04E-01,0.00E+00,0.00E+00
-1.110449,0.00E+00,0.00E+00,0.00E+00,4.05E-01,0.00E+00,0.00E+00
-1.108148,0.00E+00,0.00E+00,0.00E+00,4.06E-01,0.00E+00,0.00E+00
-1.105847,0.00E+00,0.00E+00,0.00E+00,4.07E-01,0.00E+00,0.00E+00
-1.103546,0.00E+00,0.00E+00,0.00E+00,4.08E-01,0.00E+00,0.00E+00
-1.101245,0.00E+00,0.00E+00,0.00E+00,4.09E-01,0.00E+00,0.00E+00
-1.098944,0.00E+00,0.00E+00,0.00E+00,4.10E-01,0.00E+00,0.00E+00
-1.096643,0.00E+00,0.00E+00,0.00E+00,4.11E-01,0.00E+00,0.00E+00
-1.094342,0.00E+00,0.00E+00,0.00E+00,4.12E-01,0.00E+00,0.00E+00
-1.092041,0.00E+00,0.00E+00,0.00E+00,4.13E-01,0.00E+00,0.00E+00
-1.08974,0.00E+00,0.00E+00,0.00E+00,4.14E-01,0.00E+00,0.00E+00
-1.087439,0.00E+00,0.00E+00,0.00E+00,4.15E-01,0.00E+00,0.00E+00
-1.085138,0.00E+00,0.00E+00,0.00E+00,4.16E-01,0.00E+00,0.00E+00
-1.082837,0.00E+00,0.00E+00,0.00E+00,4.17E-01,0.00E+00,0.00E+00
-1.080536,0.00E+00,0.00E+00,0.00E+00,4.18E-01,0.00E+00,0.00E+00
-1.078235,0.00E+00,0.00E+00,0.00E+00,4.19E-01,0.00E+00,0.00E+00
-1.075934,0.00E+00,0.00E+00,0.00E+00,4.20E-01,0.00E+00,0.00E+00
-1.073633,0.00E+00,0.00E+00,0.00E+00,4.21E-01,0.00E+00,0.00E+00
-1.071332,0.00E+00,0.00E+00,0.00E+00,4.22E-01,0.00E+00,0.00E+00
-1.069031,0.00E+00,0.00E+00,0.00E+00,4.23E-01,0.00E+00,0.00E+00
-1.06673,0.00E+00,0.00E+00,0.00E+00,4.24E-01,0.00E+00,0.00E+00
-1.064429,0.00E+00,0.00E+00,0.00E+00,4.25E-01,0.00E+00,0.00E+00
-1.062128,0.00E+00,0.00E+00,0.00E+00,4.26E-01,0.00E+00,0.00E+00
-1.059827,0.00E+00,0.00E+00,0.00E+00,4.27E-01,0.00E+00,0.00E+00
-1.057526,0.00E+00,0.00E+00,0.00E+00,4.28E-01,0.00E+00,0.00E+00
-1.055225,0.00E+00,0.00E+00,0.00E+00,4.29E-01,0.00E+00,0.00E+00
-1.052924,0.00E+00,0.00E+00,0.00E+00,4.30E-01,0.00E+00,0.00E+00
-1.050623,0.00E+00,0.00E+00,0.00E+00,4.31E-01,0.00E+00,0.00E+00
-1.048322,0.00E+00,0.00E+00,0.00E+00,4.32E-01,0.00E+00,0.00E+00
-1.046021,0.00E+00,0.00E+00,0.00E+00,4.33E-01,0.00E+00,0.00E+00
-1.04372,0.00E+00,0.00E+00,0.00E+00,4.34E-01,0.00E+00,0.00E+00
-1.041419,0.00E+00,0.00E+00,0.00E+00,4.34E-01,0.00E+00,0.00E+00
-1.039118,0.00E+00,0.00E+00,0.00E+00,4.35E-01,0.00E+00,0.00E+00
-1.036816,0.00E+00,0.00E+00,0.00E+00,4.36E-01,0.00E+00,0.00E+00
-1.034515,0.00E+00,0.00E+00,0.00E+00,4.37E-01,0.00E+00,0.00E+00
-1.032214,0.00E+00,0.00E+00,0.00E+00,4.38E-01,0.00E+00,0.00E+00
-1.029913,0.00E+00,0.00E+00,0.00E+00,4.39E-01,0.00E+00,0.00E+00
-1.027612,0.00E+00,0.00E+00,0.00E+00,4.40E-01,0.00E+00,0.00E+00
-1.025311,0.00E+00,0.00E+00,0.00E+00,4.41E-01,0.00E+00,0.00E+00
-1.02301,0.00E+00,0.00E+00,0.00E+00,4.41E-01,0.00E+00,0.00E+00
-1.020709,0.00E+00,0.00E+00,0.00E+00,4.42E-01,0.00E+00,0.00E+00
-1.018408,0.00E+00,0.00E+00,0.00E+00,4.43E-01,0.00E+00,0.00E+00
-1.016107,0.00E+00,0.00E+00,0.00E+00,4.44E-01,0.00E+00,0.00E+00
-1.013806,0.00E+00,0.00E+00,0.00E+00,4.45E-01,0.00E+00,0.00E+00
-1.011505,0.00E+00,0.00E+00,0.00E+00,4.45E-01,0.00E+00,0.00E+00
-1.009204,0.00E+00,0.00E+00,0.00E+00,4.46E-01,0.00E+00,0.00E+00
-1.006903,0.00E+00,0.00E+00,0.00E+00,4.47E-01,0.00E+00,0.00E+00
-1.004602,0.00E+00,0.00E+00,0.00E+00,4.48E-01,0.00E+00,0.00E+00
-1.002301,0.00E+00,0.00E+00,0.00E+00,4.48E-01,0.00E+00,0.00E+00
-1,0.00E+00,0.00E+00,0.00E+00,4.49E-01,0.00E+00,0.00E+00
